Time,1,2,3,4,5,6,7,8,9,10
0,99.20272827,1.08099997,156.3644562,37.67458344,98.36457062,100.07901,100.0782166,50.0130043,50.01811218,50.01568222
100,99.20272827,1.08099997,156.3644562,37.67458344,98.36457062,100.07901,100.0782166,50.0130043,50.01811218,50.01568222
200,99.15398407,1.08099997,156.4726868,37.66008759,98.36299133,100.0755539,100.0748291,50.01161575,50.01652145,50.01423264
300,99.1313858,1.08099997,156.5507355,37.64589691,98.36327362,100.0744934,100.0736694,50.01205063,50.01629639,50.01450729
400,99.12249756,1.08099997,156.6338959,37.63694,98.36457825,100.0741272,100.0734787,50.01074219,50.01451492,50.01314163
500,99.12007141,1.08099997,156.7361755,37.6349678,98.3677063,100.0755692,100.0751877,50.00709915,50.01040649,50.00922775
600,99.12091827,1.08099997,156.8603668,37.6408577,98.37145233,100.0770721,100.0766754,50.00051117,50.003582,50.00252151
700,99.12332153,1.08099997,157.0053711,37.65511703,98.37549591,100.0784607,100.0783768,49.99333572,49.99607849,49.99513245
800,99.12756348,1.08099997,157.1687012,37.67744827,98.38527679,100.0810852,100.0810242,49.9887886,49.99128723,49.99060059
900,99.13321686,1.08099997,157.3482819,37.70772552,98.38555145,100.0837936,100.0840149,49.98950577,49.99192047,49.99145889
1000,99.13999176,1.08099997,157.5427856,37.74609375,98.39185333,100.0858765,100.0862961,49.99541092,49.99785995,49.9973259
1100,99.14684296,1.08099997,157.7498322,37.79226685,98.39868164,100.0891724,100.0898361,50.00405884,50.00644302,50.00596619
1200,99.15317535,1.08099997,157.9723206,37.84640503,98.4055481,100.092186,100.0931702,50.01185989,50.01416016,50.01388931
1300,99.15843201,1.08099997,158.2215729,37.90751648,98.41235352,100.0950012,100.0960617,50.01607513,50.01818085,50.01797485
1400,99.16268921,1.08099997,158.4965668,37.97487259,98.42063904,100.0988693,100.0999603,50.01491165,50.01698685,50.01692963
1500,99.16567993,1.08099997,158.7956543,38.04817581,98.42958832,100.1025543,100.1038437,50.00895309,50.01074219,50.01092529
1600,99.16468811,1.08099997,159.0675507,38.12929153,98.43988037,100.1099548,100.1079559,50.00014877,50.00177765,50.00201035
1700,99.16072083,1.08099997,159.1911011,38.22046661,98.44636536,100.1158829,100.110939,49.98974609,49.99106979,49.99183273
1800,99.15854645,1.08099997,159.2466583,38.31799316,98.45441437,100.118042,100.1124115,49.9821167,49.98230362,49.98413467
1900,99.15859985,1.08099997,159.2720032,38.41876221,98.4517746,100.1198883,100.1137848,49.9801178,49.9797287,49.98182678
2000,99.16031647,1.08099997,159.2868195,38.52207184,98.45426941,100.1221619,100.1157608,49.98391724,49.98355484,49.98543549
2100,99.16201782,1.08099997,159.2989197,38.62772369,98.45623016,100.1240692,100.1172867,49.99173737,49.99126053,49.99279404
2200,99.16294861,1.08099997,159.3079071,38.73535156,98.45709229,100.1251831,100.118103,50.00013733,49.99974823,50.00108337
2300,99.16295624,1.08099997,159.3134613,38.84378815,98.45917511,100.1270447,100.1200562,50.00685883,50.00614548,50.00722504
2400,99.16161346,1.08099997,159.316452,38.95213318,98.46026611,100.1282806,100.1213074,50.00958252,50.00879288,50.00977325
2500,99.15984344,1.08099997,159.3148346,39.0598259,98.46146393,100.1290207,100.1222382,50.00833893,50.00741577,50.00837326
2600,99.15690613,1.08099997,159.3092651,39.16586304,98.46269989,100.1306686,100.1233826,50.003479,50.00254059,50.00342178
2700,99.15380859,1.08099997,159.3017883,39.26977539,98.46294403,100.1309967,100.1242142,49.9969368,49.99584579,49.99639511
2800,99.15068817,1.08099997,159.2895813,39.3701973,98.46342468,100.131485,100.1249695,49.9907074,49.98962402,49.98993301
2900,99.14752197,1.08099997,159.2714996,39.46577072,98.4641571,100.1326447,100.1263962,49.98688126,49.98570633,49.98593903
3000,99.14472198,1.08099997,159.2514801,39.55647278,98.46466064,100.1334534,100.1272659,49.98631287,49.98527145,49.98528671
3100,99.14213562,1.08099997,159.2275238,39.64149475,98.46429443,100.1337509,100.1277771,49.98909378,49.98830414,49.98797989
3200,99.13923645,1.08099997,159.2026978,39.72032166,98.46505737,100.1345062,100.1292267,49.99427414,49.99364471,49.99309921
3300,99.13571167,1.08099997,159.1734161,39.79193115,98.46495819,100.1349792,100.1300201,50.00032043,49.99982071,49.99908829
3400,99.13205719,1.08099997,159.1420746,39.85642242,98.46476746,100.1347427,100.1303787,50.00507355,50.00468063,50.00390244
3500,99.12731171,1.08099997,159.1075439,39.91281891,98.46460724,100.1353989,100.1314392,50.00725937,50.00684357,50.0059967
3600,99.12229156,1.08099997,159.072525,39.96120834,98.46385956,100.1349335,100.1316299,50.00627518,50.005867,50.00508881
3700,99.11704254,1.08099997,159.0335541,40.00053406,98.46290588,100.1343689,100.1317291,50.00296783,50.00252151,50.00149155
3800,99.11233521,1.08099997,158.9924622,40.03032303,98.46229553,100.1346588,100.1327515,49.99822235,49.99773026,49.99681854
3900,99.10746002,1.08099997,158.9512024,40.05072784,98.46189117,100.134552,100.133194,49.99365234,49.99316788,49.99200058
4000,99.10307312,1.08099997,158.9080353,40.06141281,98.46075439,100.1337891,100.1333847,49.99079895,49.99026108,49.98916245
4100,99.09822845,1.08099997,158.8519592,40.06225586,98.46051788,100.1347885,100.1341858,49.99024582,49.99003601,49.98868561
4200,99.09307098,1.08099997,158.7565765,40.05479813,98.4590683,100.1351471,100.1342926,49.99203491,49.99176407,49.9905777
4300,99.08783722,1.08099997,158.6172943,40.03891373,98.4563446,100.1346436,100.1337204,49.99533844,49.99472809,49.99383545
4400,99.08265686,1.08099997,158.4359131,40.01459122,98.45285034,100.1343155,100.1332779,49.99913025,49.99811172,49.99747849
4500,99.07909393,1.08099997,158.2117157,39.98142624,98.44838715,100.133667,100.1324615,50.00274277,50.00125122,50.00087738
4600,99.0774765,1.08099997,157.9472961,39.94049454,98.44223022,100.1316757,100.1304245,50.00530624,50.00354004,50.00334549
4700,99.07611847,1.08099997,157.6448059,39.89129257,98.43593597,100.1306915,100.1291885,50.00601578,50.00403976,50.00404739
4800,99.07463837,1.08099997,157.3123779,39.83514404,98.42866516,100.128746,100.1271133,50.00485611,50.00234222,50.00267792
4900,99.07299042,1.08099997,156.9504242,39.77186584,98.41998291,100.1262665,100.1245499,50.00201416,49.99911499,49.99952698
5000,99.07171631,1.08099997,156.5631409,39.70184708,98.41158295,100.1241302,100.1223221,49.99855042,49.9952507,49.99585724
5100,99.07028961,1.08099997,156.1541595,39.62582779,98.40214539,100.1214523,100.1195221,49.9954567,49.99179459,49.99248505
5200,99.06951904,1.08099997,155.7911835,39.54266357,98.39342499,100.1188507,100.1167297,49.99377441,49.98984909,49.99059296
5300,99.06794739,1.08099997,155.476059,39.4526825,98.39135742,100.1173859,100.1152649,49.99434662,49.99023056,49.99087143
5400,99.06702423,1.08099997,155.2347717,39.35595322,98.38049316,100.1164551,100.1138306,49.99689484,49.99318695,49.99367142
5500,99.06359863,1.08099997,155.3079681,39.24860764,98.38279724,100.117157,100.1143723,50.00135422,49.99756241,49.99831772
5600,99.05974579,1.08099997,155.4789429,39.1353302,98.38783264,100.1193848,100.1164398,50.00592422,50.00286865,50.00367737
5700,99.05670166,1.08099997,155.6725464,39.01826859,98.39306641,100.1214142,100.1184692,50.00955963,50.00751114,50.00835037
5800,99.05451202,1.08099997,155.8678131,38.89892197,98.39810944,100.1231689,100.1201782,50.01119995,50.0098114,50.01063538
5900,99.05325317,1.08099997,155.899826,38.78155518,98.39994812,100.1242523,100.1215439,50.00993729,50.00926971,50.01012802
6000,99.05503082,1.08099997,155.6700134,38.66886902,98.39486694,100.1229019,100.1204147,50.00601959,50.00580978,50.00619125
6100,99.05696106,1.08099997,155.3756561,38.55841446,98.38787842,100.1206665,100.1181259,50.00037003,50.0001297,50.00030518
6200,99.05760193,1.08099997,155.2455444,38.44585419,98.38575745,100.1210175,100.1181641,49.99536133,49.99461746,49.99477386
6300,99.05554962,1.08099997,155.3966064,38.33000565,98.38990021,100.1224899,100.1196594,49.99282074,49.99181747,49.99230194
6400,99.05381775,1.08099997,155.631485,38.21488571,98.40036774,100.124382,100.1215668,49.99312973,49.99310684,49.99345398
6500,99.05329132,1.08099997,155.9019623,38.10216522,98.40244293,100.1277008,100.1250153,49.99638748,49.9968338,49.99715042
6600,99.05448914,1.08099997,155.9588013,37.99835587,98.40518188,100.1286392,100.1262207,50.00056076,50.00188446,50.00196838
6700,99.05833435,1.08099997,155.8206482,37.90380859,98.40222931,100.1276474,100.1254883,50.00383377,50.00567627,50.00534821
6800,99.06181335,1.08099997,155.6511383,37.81619263,98.3993454,100.1275177,100.1252899,50.0055542,50.00714111,50.00668335
6900,99.06415558,1.08099997,155.4943848,37.73564911,98.39592743,100.1264954,100.1245346,50.00532913,50.0067482,50.00604248
7000,99.06581879,1.08099997,155.3657532,37.66245651,98.39315796,100.1254807,100.123703,50.0037117,50.00481415,50.00412369
7100,99.06711578,1.08099997,155.3314819,37.594944,98.39321136,100.1263733,100.1244659,50.0007515,50.00207901,50.00112152
7200,99.06576538,1.08099997,155.6618347,37.52786255,98.40180969,100.1294098,100.1273651,49.99841309,49.99910736,49.99870682
7300,99.08712769,1.08099997,156.0773621,37.46853256,98.41223145,100.1324081,100.1309891,49.99679184,49.99827957,49.99799347
7400,99.08688354,1.08099997,156.2621918,37.43028641,98.41583252,100.1327667,100.1315842,49.99323273,49.99594116,49.99499512
7500,99.08243561,1.08099997,156.3463745,37.39829636,98.42248535,100.1331787,100.1322174,49.99048996,49.99352646,49.99241638
7600,99.08481598,1.08099997,156.4141998,37.37360764,98.41860199,100.1336899,100.1328812,49.99266815,49.99568176,49.99446487
7700,99.11522675,1.08099997,156.5285034,37.36439896,98.42166901,100.1342316,100.1334686,49.99642181,49.99947357,49.99813461
7800,99.11058044,1.08099997,156.6547394,37.36210632,98.42436981,100.134552,100.1339798,49.99773788,50.00090027,49.99959183
7900,99.11106873,1.08099997,156.7940369,37.36694336,98.42771912,100.1353378,100.1350632,50.00102997,50.00416183,50.00290298
8000,99.13170624,1.08099997,156.9512024,37.37984085,98.43264771,100.1376266,100.1373749,50.00442886,50.00740433,50.00634766
8100,99.14136505,1.08099997,157.1609344,37.40988159,98.43663025,100.1376495,100.1378555,50.00309753,50.00585175,50.00484085
8200,99.13707733,1.08099997,157.3654175,37.44442749,98.44088745,100.1383209,100.1386261,49.9987793,50.00141144,50.00068665
8300,99.1374054,1.08099997,157.5753021,37.48537827,98.44680023,100.1408081,100.1412735,49.99705505,49.99971008,49.99916077
8400,99.17050171,1.08099997,157.8053131,37.5361824,98.45310211,100.1428604,100.1436462,49.99809647,50.00046921,50.00020218
8500,99.16576385,1.08099997,158.0645599,37.5993042,98.4575119,100.1433487,100.1442337,49.99557877,49.99803162,49.99774551
8600,99.16207886,1.08099997,158.3371582,37.66598511,98.46459198,100.1457367,100.146843,49.99472046,49.99716568,49.99696732
8700,99.16229248,1.08099997,158.6269989,37.73701477,98.47711182,100.1488419,100.1499786,49.9971199,49.9995575,49.99949646
8800,99.18914032,1.08099997,158.9663239,37.82117844,98.48001099,100.1513519,100.1519547,49.99941635,50.00206375,50.00186539
8900,99.17417145,1.08099997,159.1644897,37.91448975,98.48860168,100.1582489,100.1543045,49.99797821,50.00069046,50.00063324
9000,99.16525269,1.08099997,159.240448,38.01308441,98.49175262,100.1608276,100.1552811,49.9977951,49.99939346,50.00048447
9100,99.16132355,1.08099997,159.2732849,38.11582184,98.49357605,100.161972,100.155983,49.9994545,50.0002327,50.00196838
9200,99.15982056,1.08099997,159.2937775,38.22214127,98.49565125,100.1639099,100.157402,50.00186539,50.00208664,50.0039978
9300,99.15951538,1.08099997,159.309082,38.33160782,98.49608612,100.1653061,100.1583328,50.00320816,50.00327682,50.00507355
9400,99.18704987,1.08099997,159.3447571,38.45055389,98.49744415,100.1650696,100.1578903,50.00222778,50.00202179,50.00365829
9500,99.17356873,1.08099997,159.3547974,38.57066727,98.49728394,100.1651764,100.1575928,49.99608612,49.99555206,49.99716568
9600,99.16579437,1.08099997,159.3524323,38.68850327,98.49769592,100.1653214,100.1576996,49.99404526,49.99329758,49.99468613
9700,99.16169739,1.08099997,159.3470001,38.80454636,98.49766541,100.1655426,100.1581039,49.99593353,49.99505997,49.99629974
9800,99.15927887,1.08099997,159.3420715,38.9192276,98.49837494,100.1664276,100.1589432,49.99979782,49.99918365,50.00011444
9900,99.18015289,1.08099997,159.3620911,39.04071045,98.49850464,100.1659393,100.1580811,50.00149155,50.00101471,50.00146484
10000,99.16639709,1.08099997,159.3473053,39.15547562,98.49714661,100.1648407,100.1572495,50.0002327,49.99951172,50.00001907
10100,99.15773773,1.08099997,159.3258362,39.26414871,98.49677277,100.1651154,100.1577759,50.00135803,50.0004158,50.0009346
10200,99.15190125,1.08099997,159.3040009,39.36749268,98.50115967,100.164856,100.1579742,50.00360489,50.00266266,50.00299072
10300,99.14704895,1.08099997,159.2822418,39.46551895,98.49585724,100.16465,100.1580124,50.00548553,50.00468445,50.00482178
10400,99.16960907,1.08099997,159.2814484,39.56406021,98.49489594,100.1643906,100.1577606,50.00456619,50.00387573,50.00365829
10500,99.15175629,1.08099997,159.2537842,39.65512085,98.49369812,100.1629257,100.1566315,49.99781036,49.99699402,49.99690628
10600,99.14001465,1.08099997,159.2138977,39.73577118,98.49179077,100.1615067,100.1558914,49.99536133,49.99436188,49.99420166
10700,99.13253784,1.08099997,159.1734772,39.80687714,98.49542236,100.1610031,100.1561432,49.99653244,49.99561691,49.9953537
10800,99.12680054,1.08099997,159.134552,39.86885452,98.48991394,100.1607895,100.1563568,49.99982071,49.99909973,49.99846268
10900,99.15337372,1.08099997,159.1077271,39.92453003,98.49389648,100.1598129,100.1561966,50.00318909,50.00279999,50.00209045
11000,99.13633728,1.08099997,159.080368,39.97626877,98.48716736,100.158226,100.1547928,50.00072098,50.00057983,49.99941635
11100,99.12190247,1.08099997,159.0292053,40.01387787,98.48443604,100.1564713,100.1538239,49.99936676,49.99890137,49.99807358
11200,99.11253357,1.08099997,158.9770203,40.03959274,98.48196411,100.1545639,100.1528015,50.0009613,50.00048828,49.99960709
11300,99.10601044,1.08099997,158.9274445,40.05395508,98.48101807,100.1542053,100.1530991,50.00395203,50.00383377,50.00249863
11400,99.10002136,1.08099997,158.8767242,40.05768204,98.48003387,100.1539917,100.1533966,50.00579834,50.00559235,50.00417328
11500,99.0929718,1.08099997,158.7911987,40.05236816,98.47806549,100.1536026,100.1530914,50.00496674,50.00488281,50.00364685
11600,99.08592224,1.08099997,158.6612854,40.03799438,98.47618866,100.1538849,100.1529846,50.00253296,50.00192642,50.00119781
11700,99.09673309,1.08099997,158.4861755,40.0147934,98.47246552,100.1531982,100.1520996,49.99960709,49.99866867,49.99816132
11800,99.10101318,1.08099997,158.3106232,39.99150848,98.46563721,100.149559,100.1484985,49.9944725,49.99306488,49.99280548
11900,99.08803558,1.08099997,158.0645142,39.95412445,98.45977783,100.1474991,100.146225,49.99059296,49.98885345,49.98893356
12000,99.08078003,1.08099997,157.7660828,39.90596008,98.45231628,100.1453629,100.1438599,49.99338531,49.99104691,49.99142075
12100,99.07737732,1.08099997,157.4261932,39.8488884,98.44433594,100.1427994,100.1411209,49.99921036,49.99667358,49.99707031
12200,99.07475281,1.08099997,157.054718,39.78404999,98.43604279,100.1406937,100.1389008,50.00504684,50.00217438,50.00262833
12300,99.07282257,1.08099997,156.6551819,39.71189117,98.4267807,100.1381607,100.1362305,50.0083847,50.00515747,50.00564575
12400,99.07077789,1.08099997,156.2319641,39.63373566,98.41654205,100.1348267,100.1328812,50.00860214,50.00510406,50.00573349
12500,99.06833649,1.08099997,155.8289795,39.54848862,98.40744781,100.132576,100.1304855,50.00685883,50.00296783,50.00377274
12600,99.06565857,1.08099997,155.4910126,39.45594788,98.39949799,100.1302032,100.1279221,50.00412369,49.9999733,50.00091934
12700,99.06336975,1.08099997,155.2278137,39.3561821,98.39307404,100.1284332,100.1258163,50.00170517,49.99757385,49.99843979
12800,99.05887604,1.08099997,155.2806244,39.24491119,98.3996582,100.1296844,100.1268387,50.00072098,49.99637222,49.99747467
12900,99.0541153,1.08099997,155.4330597,39.12739563,98.39809418,100.1313477,100.1283264,50.00104141,49.99735641,49.99859619
13000,99.08345032,1.08099997,155.6400452,39.01277924,98.40251923,100.1314392,100.1285706,50.00136948,49.99868393,49.99971771
13100,99.0680542,1.08099997,155.8425446,38.89459229,98.40661621,100.132431,100.1292801,49.99739838,49.99591064,49.99665833
13200,99.05858612,1.08099997,155.9121094,38.77386475,98.40812683,100.1323318,100.1295319,49.9981842,49.99712753,49.99785995
13300,99.05725861,1.08099997,155.6828613,38.65678406,98.40240479,100.1304398,100.1277008,50.00119019,50.00110245,50.00141907
13400,99.05768585,1.08099997,155.3729248,38.54111481,98.39565277,100.1289368,100.1262512,50.00428391,50.00415421,50.00421906
13500,99.05770111,1.08099997,155.2311096,38.42322159,98.39274597,100.1284027,100.1255417,50.00593567,50.00533295,50.00535965
13600,99.05451965,1.08099997,155.3638611,38.3021965,98.39584351,100.1292496,100.1263733,50.00567627,50.00475693,50.00521088
13700,99.05149841,1.08099997,155.5812683,38.18202591,98.40202332,100.1316757,100.1287842,50.00406647,50.00364304,50.00409317
13800,99.08167267,1.08099997,155.8426971,38.06602478,98.40885925,100.1340179,100.1313171,50.00247192,50.00266266,50.00320053
13900,99.07484436,1.08099997,155.9896698,37.96527481,98.41482544,100.1324387,100.1301193,49.99700165,49.99816895,49.99827957
14000,99.06732178,1.08099997,155.8694305,37.8692627,98.40605164,100.1313934,100.1291046,49.99233627,49.9940033,49.99371719
14100,99.06519318,1.08099997,155.6943665,37.77852249,98.40257263,100.1300964,100.1278534,49.99259567,49.99435425,49.99381256
14200,99.06568909,1.08099997,155.5233002,37.69412994,98.39836884,100.1285095,100.1266022,49.99573517,49.99710464,49.99662018
14300,99.06658173,1.08099997,155.3775024,37.616436,98.3956604,100.1281281,100.1261597,50.00032043,50.00167084,50.00086594
14400,99.10451508,1.08099997,155.3427887,37.54940796,98.39465332,100.127449,100.1257095,50.00470734,50.00579834,50.00494766
14500,99.0883255,1.08099997,155.6865692,37.48653793,98.40074921,100.1279831,100.1259537,50.00084686,50.00205612,50.00128174
14600,99.0764389,1.08099997,156.0854645,37.42711639,98.41033173,100.1305923,100.1289978,49.99936676,50.00115585,50.00065613
14700,99.07305145,1.08099997,156.2225647,37.37994766,98.41383362,100.1316986,100.1303177,50.00075531,50.00353622,50.0028801
14800,99.07423401,1.08099997,156.2864838,37.34294891,98.41574097,100.1320953,100.1311035,50.00256729,50.00577545,50.00462341
14900,99.07952881,1.08099997,156.3492126,37.31532669,98.41841888,100.133667,100.1328125,50.00318909,50.00614929,50.00513077
15000,99.11843109,1.08099997,156.4664612,37.30475616,98.42500305,100.1333389,100.1327515,50.00134277,50.00420761,50.00312424
15100,99.11121368,1.08099997,156.6006012,37.30260468,98.42138672,100.13311,100.1325455,49.99431229,49.99727631,49.99610138
15200,99.11000824,1.08099997,156.7457581,37.30690765,98.4260025,100.1345367,100.1341095,49.99240494,49.99514771,49.99423599
15300,99.1134491,1.08099997,156.9082489,37.31941986,98.43040466,100.1362228,100.135994,49.99454498,49.99760437,49.99646759
15400,99.13260651,1.08099997,157.0881805,37.34102249,98.43528748,100.1377792,100.1377945,49.99894714,50.00189972,50.00094604
15500,99.15335083,1.08099997,157.3272095,37.38180161,98.43994141,100.138031,100.1385117,50.00008392,50.0029335,50.00207901
15600,99.1477356,1.08099997,157.5579987,37.42658997,98.44514465,100.1393814,100.1399612,49.99844742,50.00107193,50.00046539
15700,99.14754486,1.08099997,157.7921753,37.47814178,98.45533752,100.1409378,100.1415634,49.99939346,50.00205231,50.00167084
15800,99.15034485,1.08099997,158.033844,37.53676987,98.46233368,100.1436386,100.144577,50.0018959,50.00453186,50.00435257
15900,99.17105103,1.08099997,158.3030396,37.60268402,98.46400452,100.1466522,100.1476898,50.00426865,50.00682068,50.0064621
16000,99.18778992,1.08099997,158.6438599,37.68560028,98.47135162,100.1470337,100.1485367,50.0013237,50.00382233,50.00357056
16100,99.17832947,1.08099997,158.9804688,37.77002335,98.48023987,100.1513519,100.1516724,49.99536896,49.99799347,49.99784851
16200,99.1686554,1.08099997,159.171875,37.86407089,98.48884583,100.1586914,100.1544495,49.99290085,49.9956665,49.99571228
16300,99.16329193,1.08099997,159.2505951,37.96593475,98.49225616,100.1610031,100.1552353,49.99289703,49.99446487,49.99560165
16400,99.16143799,1.08099997,159.2877655,38.07256317,98.49463654,100.1631241,100.1568298,49.9952774,49.99572754,49.99752426
16500,99.16183472,1.08099997,159.3106537,38.18320084,98.49639893,100.1646652,100.1579056,49.99822235,49.99847031,50.00027847
16600,99.16205597,1.08099997,159.3288269,38.29798508,98.49770355,100.16539,100.1583939,50.00111008,50.00107193,50.00274277
16700,99.19535828,1.08099997,159.3708649,38.42385864,98.49865723,100.1661148,100.1583328,50.00210953,50.00196075,50.00328445
16800,99.18015289,1.08099997,159.3804321,38.55036926,98.49797821,100.1653824,100.1572876,49.99726105,49.9967308,49.99835205
16900,99.17180634,1.08099997,159.3771667,38.67445755,98.49726105,100.1648407,100.1568069,49.99664307,49.99583817,49.9973259
17000,99.16734314,1.08099997,159.3733368,38.79676819,98.49815369,100.1654739,100.1577225,49.99916077,49.99853516,49.9996376
17100,99.16429138,1.08099997,159.3681335,38.91772842,98.49834442,100.1663208,100.1581573,50.00234222,50.00149155,50.00229645
17200,99.16182709,1.08099997,159.3618469,39.03672409,98.49862671,100.1661453,100.1586227,50.00361252,50.00294495,50.00380707
17300,99.15876007,1.08099997,159.3524628,39.15292358,98.49958038,100.1672897,100.1594925,50.00360489,50.00271225,50.00325394
17400,99.18692017,1.08099997,159.3675537,39.2737999,98.50376892,100.1664658,100.1588211,50.00094223,50.00008392,50.00037384
17500,99.16886902,1.08099997,159.3510437,39.38923264,98.49723816,100.1647949,100.1569519,49.9936142,49.99254227,49.99281311
17600,99.15764618,1.08099997,159.3196869,39.49532318,98.49584961,100.1641159,100.1571198,49.99269104,49.9914856,49.9918251
17700,99.15086365,1.08099997,159.2879486,39.59362411,98.49507141,100.1637726,100.1570358,49.99675369,49.9957428,49.99571991
17800,99.14576721,1.08099997,159.2559967,39.68462753,98.49359131,100.1633377,100.1570435,50.00242615,50.00170898,50.00119781
17900,99.14077759,1.08099997,159.2225494,39.76769257,98.49378967,100.1636047,100.1576538,50.00664139,50.00611496,50.00545883
18000,99.13533783,1.08099997,159.1893768,39.84309387,98.49305725,100.1630325,100.1579971,50.00780106,50.00738525,50.00675964
18100,99.14742279,1.08099997,159.1690674,39.91450882,98.4916687,100.1616745,100.1569901,50.00561905,50.00523758,50.00447083
18200,99.13372803,1.08099997,159.1280212,39.97542953,98.48983765,100.1607742,100.1562958,50.00014496,49.99967194,49.99879456
18300,99.12429047,1.08099997,159.0796967,40.02425766,98.4882431,100.1594391,100.1558456,49.99768448,49.99715042,49.99632263
18400,99.11746979,1.08099997,159.0301056,40.06212616,98.48648834,100.1582718,100.1555176,49.997612,49.99711227,49.9960289
18500,99.11201477,1.08099997,158.9808502,40.08903885,98.48497009,100.1578903,100.1560669,49.9985733,49.99817657,49.99718094
18600,99.10680389,1.08099997,158.9338684,40.10523224,98.48384094,100.1571198,100.1560593,49.9998703,49.99971008,49.99847031
18700,99.10221863,1.08099997,158.8849945,40.11085129,98.48213196,100.1561966,100.1557236,50.00086594,50.00074387,49.99928284
18800,99.09576416,1.08099997,158.804306,40.10660553,98.48140717,100.1566315,100.156189,50.00151825,50.00116348,49.99990082
18900,99.0888443,1.08099997,158.6768951,40.09298325,98.47922516,100.1565704,100.1557693,50.00199509,50.00139618,50.00026703
19000,99.08258057,1.08099997,158.4999695,40.06973648,98.47429657,100.1555939,100.1546478,50.00208664,50.00126266,50.00075531
19100,99.07798004,1.08099997,158.2760773,40.03702164,98.4703598,100.1547852,100.1537323,50.00201035,50.0007019,50.00053787
19200,99.07563019,1.08099997,158.0069275,39.9950943,98.46427155,100.1533051,100.1518936,50.00202179,50.00025177,50.00034714
19300,99.07388306,1.08099997,157.6938171,39.94432068,98.45703888,100.1510773,100.1495819,50.00144958,49.99912262,49.99951935
19400,99.0724411,1.08099997,157.343689,39.88514709,98.44952393,100.1495361,100.1478577,50.00022507,49.99741364,49.99781799
19500,99.07105255,1.08099997,156.9619141,39.81829834,98.44071198,100.1470337,100.1452942,49.9986763,49.99571228,49.9962616
19600,99.06971741,1.08099997,156.5508423,39.74394226,98.43099213,100.1439362,100.1420364,49.99790573,49.99445724,49.9950676
19700,99.06866455,1.08099997,156.1133118,39.6625824,98.42118073,100.1415024,100.1394501,49.99795532,49.9941864,49.99472046
19800,99.06750488,1.08099997,155.7149811,39.57356262,98.41177368,100.1388931,100.1367798,49.99921036,49.9952507,49.99577713
19900,99.06591034,1.08099997,155.3661499,39.47721481,98.40325928,100.1360931,100.133812,50.00164032,49.99734879,49.99797058
20000,99.03451538,1.08099997,155.1951447,39.37073517,98.39589691,100.1317368,100.1289368,50.63637543,50.63209534,50.63272095
20100,98.84603882,1.08099997,151.9309998,38.46014023,99.99632263,100.0268326,100.0193939,50.34645081,50.45068359,50.46848679
20200,98.1783905,1.08099997,151.0045471,37.9688797,99.90459442,99.93728638,99.92524719,50.24761963,50.41008759,50.41950989
20300,97.63386536,1.08099997,149.9940338,37.43672943,99.82758331,99.86026764,99.84705353,50.15804291,50.28379059,50.29557419
20400,97.17100525,1.08099997,149.0309601,36.89947891,99.75944519,99.79242706,99.77842712,50.07777786,50.17418671,50.1877861
20500,96.78050232,1.08099997,148.1257782,36.36306,99.69958496,99.73298645,99.71800995,50.02944565,50.10473633,50.11869812
20600,96.45458221,1.08099997,147.2889709,35.83200455,99.64742279,99.68089294,99.66532135,50.01008987,50.06857681,50.08205795
20700,96.18148041,1.08099997,146.5309601,35.31071091,99.60172272,99.63519287,99.61920166,49.99152374,50.03609467,50.04851913
20800,95.95450592,1.08099997,145.8547516,34.80166626,99.56244659,99.59593964,99.57953644,49.96725464,50.00004578,50.0112114
20900,95.76908875,1.08099997,145.2597198,34.30630493,99.52921295,99.56272125,99.54598999,49.93595886,49.95872498,49.96842194
21000,95.62145233,1.08099997,144.7445526,33.82595062,99.50166321,99.53494263,99.51805115,49.90641022,49.92082596,49.92889023
21100,95.5051651,1.08099997,144.3045654,33.36092377,99.48119354,99.51293182,99.49819183,49.88790131,49.89536285,49.90170288
21200,95.40755463,1.08099997,143.8927307,32.89916229,99.48039246,99.51158142,99.49733734,49.88549042,49.88711929,49.89154816
21300,95.36103058,1.08099997,143.5638885,32.4566803,99.48164368,99.51245117,99.49840546,49.89803314,49.89496613,49.89746094
21400,95.35431671,1.08099997,143.3189087,32.03542709,99.48495483,99.51535034,99.50141907,49.91283798,49.90616989,49.90671158
21500,95.38356018,1.08099997,143.1576691,31.63690186,99.49021912,99.52026367,99.50684357,49.91988754,49.91020966,49.90898514
21600,95.44790649,1.08099997,143.0790863,31.26218605,99.49743652,99.52696228,99.51380157,49.91414261,49.90195084,49.89928818
21700,95.54548645,1.08099997,143.0818481,30.91221619,99.50636292,99.53534698,99.52275848,49.89651489,49.88224792,49.87827682
21800,95.67634583,1.08099997,143.16362,30.58753014,99.51687622,99.5456543,99.53338623,49.87224197,49.85660934,49.85128784
21900,95.84027863,1.08099997,143.3246765,30.28926849,99.52929688,99.55744934,99.5457077,49.84820175,49.83164215,49.82515335
22000,96.00470734,1.08099997,143.54599,30.012743,99.54272461,99.57056427,99.55924988,49.83018494,49.81327438,49.80541229
22100,96.13974762,1.08099997,143.7798004,29.7434082,99.55380249,99.58151245,99.57053375,49.82522583,49.80793381,49.79915237
22200,96.25795746,1.08099997,144.0098114,29.4756279,99.56322479,99.59106445,99.5801239,49.84179688,49.82418442,49.81469727
22300,96.36397552,1.08099997,144.2315674,29.20781326,99.57170105,99.59944916,99.58868408,49.87833023,49.860569,49.85054016
22400,96.44516754,1.08099997,144.4291687,28.93472481,99.58527374,99.61489105,99.60144806,49.92530823,49.90746689,49.89731598
22500,96.52452087,1.08099997,144.609375,28.65789032,99.6006012,99.63020325,99.61682892,49.97337341,49.95499802,49.94543076
22600,96.59777069,1.08099997,144.7824554,28.3804512,99.61497498,99.6444931,99.63136292,50.01060867,49.9919548,49.98278046
22700,96.66452026,1.08099997,144.947464,28.1021862,99.62831879,99.65772247,99.64468384,50.03104782,50.01209259,50.00352097
22800,96.72556305,1.08099997,145.1043243,27.8230114,99.64092255,99.6702652,99.65751648,50.03484344,50.01561737,50.00785446
22900,96.78133392,1.08099997,145.2525787,27.54269791,99.65273285,99.68222809,99.66938782,50.02636337,50.00675964,49.9999733
23000,96.83408356,1.08099997,145.3927917,27.26112556,99.66405487,99.69326782,99.68088531,50.0122261,49.99255753,49.98652649
23100,96.88314056,1.08099997,145.5244751,26.97805595,99.67462158,99.70385742,99.69151306,49.99854279,49.97883224,49.97363281
23200,96.92977905,1.08099997,145.6482086,26.69377136,99.68493652,99.71418762,99.70184326,49.99029922,49.97093964,49.966259
23300,96.97376251,1.08099997,145.7641754,26.40807724,99.69459534,99.72367096,99.71154785,49.98971176,49.97081375,49.96656799
23400,97.0146637,1.08099997,145.8725128,26.12106514,99.70349121,99.7327652,99.7207489,49.99652481,49.97834778,49.97428513
23500,97.05266571,1.08099997,145.9739685,25.83275604,99.71219635,99.74127197,99.7293396,50.00889206,49.99130249,49.98765564
23600,97.08909607,1.08099997,146.0704193,25.54364777,99.72032928,99.74941254,99.73753357,50.02341843,50.00641251,50.0031395
23700,97.12268066,1.08099997,146.160965,25.25357437,99.72805023,99.75705719,99.74543762,50.03607178,50.01974869,50.01685715
23800,97.15364838,1.08099997,146.24617,24.96258545,99.73544312,99.76437378,99.7527771,50.04438019,50.02859116,50.02599335
23900,97.18209076,1.08099997,146.3264313,24.67085838,99.74214172,99.77112579,99.7596283,50.04651642,50.03110886,50.0292244
24000,97.2078476,1.08099997,146.401886,24.37826538,99.7488327,99.77770233,99.76622009,50.0427475,50.02779388,50.02633286
24100,97.23255157,1.08099997,146.4725494,24.08480453,99.75476074,99.78369141,99.77223969,50.03508759,50.02056503,50.01959991
24200,97.25502014,1.08099997,146.5381012,23.7903614,99.76063538,99.78960419,99.77829742,50.02609634,50.01212311,50.01155853
24300,97.27635956,1.08099997,146.5995331,23.49500275,99.76628876,99.79515839,99.78397369,50.01816559,50.00481415,50.00453568
24400,97.29640961,1.08099997,146.6563416,23.19879723,99.7716217,99.8004303,99.78920746,50.01305389,50.00030899,50.00025177
24500,97.31588745,1.08099997,146.7097015,22.90175629,99.7766037,99.80557251,99.79437256,50.01202393,50.00001907,50.00000763
24600,97.33381653,1.08099997,146.7591553,22.60407448,99.7817688,99.81047058,99.79943848,50.01505661,50.00365829,50.00389099
24700,97.35067749,1.08099997,146.8050385,22.30582047,99.78637695,99.81513977,99.80415344,50.02100372,50.01034546,50.01057816
24800,97.36623383,1.08099997,146.847702,22.00693512,99.79061127,99.81939697,99.80840302,50.02772903,50.0176239,50.01794815
24900,97.3806076,1.08099997,146.8877716,21.70746994,99.79482269,99.82363892,99.81268311,50.03304291,50.02346802,50.02392578
25000,97.39405823,1.08099997,146.9255219,21.40749168,99.79898071,99.82752991,99.81680298,50.03467941,50.02564621,50.02627945
25100,97.40596008,1.08099997,146.9605713,21.10722351,99.80263519,99.83145905,99.82057953,50.03203583,50.02342606,50.0242691
25200,97.417099,1.08099997,146.9927216,20.80647469,99.80625153,99.83506775,99.82423401,50.02577209,50.01759338,50.01857376
25300,97.42697144,1.08099997,147.0224457,20.50526619,99.80969238,99.83848572,99.82779694,50.0176239,50.00983047,50.01091385
25400,97.43625641,1.08099997,147.0497589,20.20354271,99.81308746,99.8416748,99.83099365,50.01000214,50.00265121,50.00380325
25500,97.44500732,1.08099997,147.0742493,19.90119743,99.81630707,99.84494781,99.83428192,50.00497055,49.99814606,49.99931335
25600,97.45379639,1.08099997,147.0969849,19.59861374,99.81925201,99.84790039,99.83731842,50.00383377,49.99743652,49.99851608
25700,97.46220398,1.08099997,147.1177826,19.29562378,99.82227325,99.85089111,99.84021759,50.00635529,50.0003891,50.00143814
25800,97.46967316,1.08099997,147.1371613,18.99241066,99.82517242,99.85370636,99.84320831,50.01129913,50.00582504,50.00681305
25900,97.47676849,1.08099997,147.1548004,18.68891144,99.82782745,99.85644531,99.84589386,50.01652145,50.0114975,50.01231003
26000,97.47956848,1.08099997,147.1654205,18.38630867,99.83189392,99.8602829,99.85002136,50.02009964,50.01540756,50.0163002
26100,97.80207825,1.08099997,147.322113,18.25613976,99.90176392,99.87537384,99.86888885,50.032444,50.02465057,50.0231514
26200,97.85824585,1.08099997,147.4293518,18.19734573,99.91017151,99.88330841,99.87745667,50.01511383,50.01167679,50.0051384
26300,97.86003113,1.08099997,147.4746246,18.15499687,99.91307831,99.88591766,99.88049316,49.99208832,49.99039459,49.9839592
26400,97.84682465,1.08099997,147.4828186,18.11705208,99.91377258,99.88658142,99.88113403,49.98389435,49.9823761,49.97705841
26500,97.83100891,1.08099997,147.4710083,18.08017921,99.91337585,99.88605499,99.88076782,49.99050522,49.98913193,49.98480225
26600,97.81462097,1.08099997,147.4490204,18.04361534,99.91262817,99.88537598,99.87992859,50.00525284,50.00399399,50.00045776
26700,97.79895782,1.08099997,147.4219208,18.00717926,99.91178894,99.8844223,99.87923431,50.01981735,50.01857376,50.01581192
26800,97.78382874,1.08099997,147.3922272,17.97085762,99.91082001,99.8835144,99.87819672,50.02910614,50.02797699,50.02579498
26900,97.76920319,1.08099997,147.3616486,17.93470192,99.90979767,99.88240051,99.87715149,50.03237152,50.03113556,50.02973557
27000,97.75534821,1.08099997,147.330719,17.89844894,99.90890503,99.88165283,99.87612915,50.03082657,50.02944565,50.02865219
27100,97.74233246,1.08099997,147.2998352,17.86220169,99.90792084,99.88066864,99.87530518,50.02648926,50.02495193,50.02483749
27200,97.72978973,1.08099997,147.2683105,17.82595444,99.90715027,99.8800354,99.87451172,50.02096176,50.01936722,50.01972198
27300,97.71772003,1.08099997,147.2367554,17.78969002,99.90653992,99.87935638,99.873909,50.01469421,50.01304626,50.01374435
27400,97.70692444,1.08099997,147.2057037,17.75356483,99.90588379,99.87873077,99.87330627,50.00780106,50.00609207,50.00716019
27500,97.69658661,1.08099997,147.1752777,17.71773148,99.90532684,99.87815857,99.87274933,50.00083542,49.9991951,50.00052643
27600,97.68575287,1.08099997,147.1449738,17.68205833,99.9046936,99.87767792,99.87208557,49.99442291,49.99289703,49.99436188
27700,97.67596436,1.08099997,147.1144867,17.64648056,99.90431213,99.87727356,99.87181854,49.99013519,49.98872757,49.9902916
27800,97.66620636,1.08099997,147.0846405,17.61116219,99.90384674,99.87676239,99.87121582,49.98929977,49.98801804,49.98957062
27900,97.65735626,1.08099997,147.05513,17.5759964,99.90356445,99.87643433,99.87094116,49.99236679,49.9912529,49.99272537
28000,97.64875793,1.08099997,147.0261078,17.54096794,99.90326691,99.87613678,99.87052917,49.99832916,49.99743652,49.99889755
28100,97.63995361,1.08099997,146.9968872,17.50599289,99.90280151,99.87581635,99.87021637,50.0055542,50.00469589,50.00624084
28200,97.63103485,1.08099997,146.9681854,17.47140503,99.9026947,99.87558746,99.86997986,50.0117836,50.01102066,50.0125351
28300,97.62226105,1.08099997,146.9400787,17.4370594,99.90227509,99.87537384,99.86963654,50.01504898,50.01438141,50.01581955
28400,97.61374664,1.08099997,146.9130554,17.40318489,99.90203094,99.87505341,99.8694458,50.01412201,50.01334,50.01491165
28500,97.60518646,1.08099997,146.8867798,17.36952019,99.90184784,99.87472534,99.86907959,50.00907898,50.00824356,50.0099411
28600,97.59651947,1.08099997,146.8602905,17.33600235,99.90158081,99.87462616,99.86891174,50.00140762,50.00061798,50.00239182
28700,97.58822632,1.08099997,146.8343658,17.30281639,99.90109253,99.87433624,99.86865234,49.99378967,49.99298477,49.9946785
28800,97.5807724,1.08099997,146.808548,17.26965332,99.90116119,99.87422943,99.86852264,49.98825836,49.98751831,49.98921967
28900,97.57372284,1.08099997,146.7835083,17.23661232,99.90113068,99.87415314,99.86857605,49.98631287,49.98564911,49.98719406
29000,97.56742096,1.08099997,146.7587433,17.20351982,99.90123749,99.8744278,99.86872101,49.98831177,49.98778152,49.98913193
29100,97.56040192,1.08099997,146.7337952,17.17061234,99.90119934,99.87426758,99.8686676,49.99337769,49.99316025,49.99434662
29200,97.55392456,1.08099997,146.7092743,17.13794708,99.90127563,99.87425995,99.86873627,50.00011826,49.9999733,50.00099945
29300,97.54776001,1.08099997,146.6856079,17.10564804,99.90130615,99.87432098,99.86865234,50.00595474,50.005867,50.0067482
29400,97.54111481,1.08099997,146.662384,17.07349396,99.90125275,99.8744812,99.86886597,50.00908279,50.00891113,50.00988388
29500,97.53451538,1.08099997,146.6396332,17.04166031,99.90135193,99.87451172,99.8688736,50.00868988,50.008564,50.00942993
29600,97.52734375,1.08099997,146.6172485,17.01022339,99.9012146,99.87436676,99.8686676,50.00529861,50.00508881,50.00598907
29700,97.52060699,1.08099997,146.5949554,16.97879028,99.90132904,99.8745575,99.86870575,50.00000763,49.99981308,50.00071716
29800,97.51429749,1.08099997,146.5726624,16.94737244,99.90142822,99.8745575,99.86878967,49.9945755,49.99430466,49.99526596
29900,97.50811768,1.08099997,146.5510406,16.91620064,99.90142822,99.8745575,99.86894226,49.99053955,49.99039459,49.99123764
30000,97.50201416,1.08099997,146.5292969,16.88524628,99.9016037,99.87478638,99.869133,49.98919678,49.98906708,49.9897995
30100,97.49610901,1.08099997,146.5074768,16.85434151,99.9018631,99.87503052,99.86930084,49.99073792,49.99073792,49.99137497
30200,97.49051666,1.08099997,146.4862976,16.82369423,99.90205383,99.87519073,99.86956787,49.99467087,49.99464035,49.99518967
30300,97.48532104,1.08099997,146.4653168,16.79309464,99.90220642,99.87535095,99.86962891,49.99932098,49.99935913,49.99982071
30400,97.47980499,1.08099997,146.4447174,16.76276016,99.90257263,99.87567139,99.86993408,50.00352097,50.00364304,50.00407791
30500,97.47452545,1.08099997,146.42453,16.73283768,99.90255737,99.87584686,99.87017059,50.00640106,50.00653839,50.00694275
30600,97.46887207,1.08099997,146.4046936,16.70299149,99.90274811,99.87594604,99.87024689,50.00714493,50.00722885,50.00759506
30700,97.46312714,1.08099997,146.3850403,16.67320824,99.90298462,99.876297,99.87049103,50.00548553,50.00556564,50.00595474
30800,97.45750427,1.08099997,146.3657684,16.64358902,99.90322876,99.87649536,99.87064362,50.00205612,50.00199127,50.00236511
30900,97.45189667,1.08099997,146.3461304,16.61410904,99.90353394,99.87671661,99.87100983,49.99781799,49.99782562,49.99820709
31000,97.44615173,1.08099997,146.3266449,16.58467102,99.90364075,99.8769989,99.87127686,49.99417114,49.99407578,49.99436188
31100,97.44132233,1.08099997,146.307663,16.55549622,99.90398407,99.8772583,99.87149811,49.99176407,49.9917717,49.99207306
31200,97.43667603,1.08099997,146.2889862,16.52640533,99.90431213,99.87753296,99.87167358,49.99130249,49.99127197,49.99161911
31300,97.43199921,1.08099997,146.2706146,16.49752617,99.90460968,99.87780762,99.87208557,49.99302673,49.99307251,49.99341583
31400,97.42730713,1.08099997,146.2518311,16.46873474,99.90492249,99.87811279,99.8723526,49.99652481,49.99654007,49.99678421
31500,97.42237854,1.08099997,146.2330017,16.43994141,99.90535736,99.87859344,99.87273407,50.00062561,50.00084686,50.00091934
31600,97.41751862,1.08099997,146.2147522,16.41132545,99.90556335,99.87870789,99.87300873,50.00440979,50.00453186,50.00465012
31700,97.41310883,1.08099997,146.1970367,16.38296509,99.90594482,99.87914276,99.87334442,50.00656891,50.00666809,50.00675964
31800,97.40838623,1.08099997,146.179245,16.35476685,99.90607452,99.87932587,99.87352753,50.00647736,50.00662231,50.00666809
31900,97.40327454,1.08099997,146.1618958,16.32689667,99.90647125,99.87982178,99.87406921,50.00423813,50.00431442,50.0044899
32000,97.39810944,1.08099997,146.1442413,16.2989006,99.90663147,99.88007355,99.87424469,50.00061417,50.00065613,50.0008049
32100,97.39337921,1.08099997,146.1269684,16.27103233,99.90699768,99.88034821,99.87458038,49.99677658,49.99662781,49.99691391
32200,97.38916779,1.08099997,146.1099396,16.24326134,99.90745544,99.8807373,99.87489319,49.9937973,49.99375916,49.99395752
32300,97.38419342,1.08099997,146.0924377,16.21562767,99.90779114,99.8809967,99.87520599,49.99266815,49.9927063,49.99284363
32400,97.37969971,1.08099997,146.0750275,16.18803215,99.90827179,99.88140106,99.87572479,49.99383545,49.99376678,49.99398804
32500,97.37593842,1.08099997,146.0580139,16.16059494,99.90862274,99.88197327,99.87622833,49.99673843,49.99678421,49.99687195
32600,97.37193298,1.08099997,146.0413513,16.13321495,99.90904236,99.88233185,99.87652588,50.00043488,50.00045776,50.00049973
32700,97.36760712,1.08099997,146.0249023,16.10604858,99.90946198,99.88272858,99.87683868,50.003582,50.0037117,50.0037117
32800,97.36346436,1.08099997,146.0084686,16.07912636,99.90989685,99.88304901,99.87730408,50.00523376,50.00534821,50.00535202
32900,97.35906982,1.08099997,145.9921112,16.05220032,99.91017151,99.88347626,99.87770844,50.0050621,50.00501251,50.00508881
33000,97.35478973,1.08099997,145.9763641,16.02555847,99.91053009,99.88381195,99.8780899,50.00294495,50.00283813,50.00294495
33100,97.35051727,1.08099997,145.9603577,15.99877262,99.911026,99.88422394,99.87848663,49.9997406,49.99957275,49.99979782
33200,97.34612274,1.08099997,145.9446716,15.9722805,99.91133881,99.88467407,99.87892914,49.99676132,49.99668121,49.99680328
33300,97.34217834,1.08099997,145.9289398,15.94597721,99.91175842,99.88511658,99.87923431,49.99494171,49.99491882,49.99505234
33400,97.33848572,1.08099997,145.9130554,15.91956043,99.91218567,99.88549805,99.87965393,49.99476624,49.99484634,49.99487686
33500,97.33459473,1.08099997,145.897583,15.89334393,99.9127121,99.88600922,99.88026428,49.99642181,49.99659348,49.99649048
33600,97.33106995,1.08099997,145.8820801,15.86707497,99.91307831,99.88632965,99.88063812,49.99926376,49.99949646,49.99932098
33700,97.32732391,1.08099997,145.8664703,15.84085846,99.91366577,99.88692474,99.88108063,50.00187302,50.00210953,50.00204468
33800,97.32322693,1.08099997,145.8512268,15.81485176,99.91400146,99.88730621,99.88156128,50.00357056,50.00380325,50.00365829
33900,97.31965637,1.08099997,145.8362274,15.78886795,99.91438293,99.8878479,99.88189697,50.00392151,50.00402832,50.00389099
34000,97.31591797,1.08099997,145.8216095,15.76299286,99.91492462,99.88817596,99.88241577,50.00272369,50.00268936,50.0027771
34100,97.31250763,1.08099997,145.8072815,15.73723793,99.9154129,99.88877869,99.88291931,50.00023651,50.00020218,50.00033569
34200,97.30822754,1.08099997,145.7925873,15.71147919,99.91580963,99.88920593,99.88349915,49.99781036,49.99775696,49.99786758
34300,97.30482483,1.08099997,145.7779846,15.68594074,99.91627502,99.88968658,99.88383484,49.99637985,49.99628448,49.99637222
34400,97.30130768,1.08099997,145.7632751,15.66030598,99.91674042,99.89021301,99.88433075,49.99604797,49.99612427,49.99603653
34500,97.29773712,1.08099997,145.7488556,15.63482475,99.91725159,99.89067078,99.88471222,49.99684906,49.99692154,49.99688721
34600,97.29434967,1.08099997,145.7345428,15.60936546,99.91779327,99.89118958,99.88527679,49.99866867,49.99884415,49.9986763
34700,97.29129028,1.08099997,145.7203674,15.58411121,99.91824341,99.8915863,99.88577271,50.00086975,50.00097275,50.0009079
34800,97.28790283,1.08099997,145.7062836,15.55900002,99.91876984,99.89203644,99.88628387,50.00229645,50.00245667,50.00239182
34900,97.28458405,1.08099997,145.6924744,15.53401089,99.91918182,99.89253998,99.88665009,50.00290298,50.00299072,50.00294876
35000,97.28095245,1.08099997,145.678894,15.50914955,99.91973877,99.89305878,99.88718414,50.00252533,50.00251389,50.00249863
35100,97.27793884,1.08099997,145.6656494,15.48438454,99.92024231,99.89362335,99.88765717,50.00125122,50.0012207,50.00134277
35200,97.27469635,1.08099997,145.6523285,15.45977402,99.92062378,99.89401245,99.88819885,49.99937439,49.99932861,49.99931335
35300,97.27149963,1.08099997,145.6389008,15.43530083,99.92116547,99.8944931,99.88863373,49.99770737,49.99770737,49.99766922
35400,97.26816559,1.08099997,145.6256561,15.41087055,99.92160034,99.89502716,99.88912964,49.99684906,49.9968338,49.99681854
35500,97.26489258,1.08099997,145.6122131,15.38637924,99.92210388,99.89541626,99.88961792,49.99695969,49.99690628,49.99689484
35600,97.26197052,1.08099997,145.5991058,15.36198997,99.92263031,99.89601135,99.89012909,49.99780273,49.99787521,49.99777222
35700,97.2589798,1.08099997,145.5856323,15.33749008,99.9230957,99.89645386,99.89064789,49.9995575,49.99956512,49.99946976
35800,97.25591278,1.08099997,145.5723114,15.31327057,99.92350006,99.89702606,99.89104462,50.0014801,50.00154877,50.00141907
35900,97.25271606,1.08099997,145.5590668,15.2891674,99.92406464,99.89739227,99.89151764,50.00260925,50.00271606,50.00256729
36000,97.24926758,1.08099997,145.5457611,15.26503181,99.92441559,99.89777374,99.89196777,50.00307083,50.00308609,50.00299835
36100,97.24606323,1.08099997,145.5328217,15.24106121,99.92500305,99.89834595,99.89253998,50.00246811,50.00249863,50.00248718
36200,97.24307251,1.08099997,145.5199432,15.21710587,99.92542267,99.89886475,99.89298248,50.00089264,50.00086594,50.00091171
36300,97.23977661,1.08099997,145.5068665,15.19317532,99.92582703,99.89929962,99.89350128,49.99897766,49.99875641,49.998909
36400,97.23634338,1.08099997,145.4939575,15.16956711,99.92636871,99.89987946,99.89387512,49.99750137,49.99744415,49.99743652
36500,97.23335266,1.08099997,145.480835,15.14583397,99.92682648,99.90029907,99.8943634,49.99678421,49.99689484,49.99691391
36600,97.23022461,1.08099997,145.4679108,15.12217903,99.92735291,99.9006424,99.89492035,49.99705505,49.99713516,49.9970932
36700,97.22721863,1.08099997,145.4550781,15.09856415,99.92778778,99.90123749,99.89524841,49.99811172,49.99822998,49.99809647
36800,97.22433472,1.08099997,145.4422913,15.0749855,99.92829895,99.90161896,99.89584351,49.99994659,50.00008392,49.99998093
36900,97.22147369,1.08099997,145.4296722,15.05177498,99.92881012,99.90219879,99.8963089,50.00175858,50.00177765,50.0017395
37000,97.2182312,1.08099997,145.4170074,15.02851295,99.92922211,99.90255737,99.89672089,50.00272369,50.00277328,50.00270462
37100,97.21530914,1.08099997,145.4044952,15.00528908,99.92967987,99.90318298,99.89730835,50.0029068,50.0029068,50.00292206
37200,97.21221161,1.08099997,145.3925476,14.98230934,99.93012238,99.90349579,99.89769745,50.00215149,50.0022049,50.00217438
37300,97.20963287,1.08099997,145.3802948,14.95917702,99.93060303,99.90407562,99.89827728,50.00053787,50.00039291,50.0004425
37400,97.20680237,1.08099997,145.3682404,14.9362278,99.93110657,99.90455627,99.89873505,49.99863052,49.99853516,49.99858856
37500,97.20378876,1.08099997,145.3559113,14.91338539,99.93161774,99.90492249,99.89910889,49.99734879,49.99733353,49.99731064
37600,97.20094299,1.08099997,145.3435059,14.89053726,99.9319458,99.90545654,99.89953613,49.99702454,49.99687195,49.99696732
37700,97.19773102,1.08099997,145.3313141,14.8677721,99.93244934,99.90592957,99.90007019,49.99729538,49.99737549,49.99737549
37800,97.19561768,1.08099997,145.3191986,14.84504223,99.93312836,99.90636444,99.90057373,49.99862289,49.99859619,49.99861908
37900,97.19255066,1.08099997,145.306778,14.82215023,99.9335022,99.90692139,99.90113831,50.00056076,50.00046921,50.00046539
38000,97.18959045,1.08099997,145.2946167,14.7993803,99.93388367,99.907341,99.90140533,50.00209045,50.00218582,50.00211716
38100,97.18702698,1.08099997,145.2824707,14.77684879,99.93436432,99.90783691,99.90190125,50.0029335,50.00300598,50.00297546
38200,97.1833725,1.08099997,145.2701111,14.75431919,99.93475342,99.9082489,99.9023819,50.0028801,50.00293732,50.00291443
38300,97.18092346,1.08099997,145.2581329,14.73197079,99.93521881,99.90864563,99.9028244,50.00205231,50.00196075,50.00207901
38400,97.17771912,1.08099997,145.2461243,14.70959759,99.93570709,99.90927124,99.90338898,50.00025177,50.00026321,50.00026703
38500,97.17503357,1.08099997,145.2343597,14.68733692,99.93621063,99.90969086,99.90374756,49.99835205,49.99835968,49.99836731
38600,97.17227936,1.08099997,145.2227478,14.66513157,99.93681335,99.91022491,99.90429688,49.99718475,49.99704742,49.99715042
38700,97.16958618,1.08099997,145.2108765,14.64295387,99.93726349,99.91072845,99.90480804,49.99681854,49.99673843,49.9968338
38800,97.16717529,1.08099997,145.1990814,14.62099075,99.93753052,99.91104126,99.90522003,49.99728775,49.9973259,49.99730301
38900,97.1647644,1.08099997,145.1875916,14.59919834,99.93814087,99.91165161,99.90570831,49.99870682,49.99884415,49.99871826
39000,97.16202545,1.08099997,145.1759033,14.57728291,99.93859863,99.91204834,99.90617371,50.00075531,50.00086594,50.0007515
39100,97.1594162,1.08099997,145.1641693,14.5553484,99.93908691,99.91266632,99.90663147,50.00224304,50.00233459,50.00224304
39200,97.15638733,1.08099997,145.1526642,14.53349876,99.93954468,99.91298676,99.9070816,50.00296783,50.00300598,50.00290298
39300,97.15397644,1.08099997,145.1412964,14.5117588,99.94012451,99.91345978,99.90753174,50.00277328,50.00272369,50.00280762
39400,97.15059662,1.08099997,145.1295013,14.49014664,99.94041443,99.91387939,99.90805817,50.00175095,50.00167465,50.00183487
39500,97.14780426,1.08099997,145.1179962,14.46862411,99.94082642,99.91426849,99.90851593,49.99998093,49.9997673,49.99996567
39600,97.14523315,1.08099997,145.1065369,14.44710255,99.94128418,99.91478729,99.9088974,49.99824905,49.99813461,49.99824142
39700,97.14233398,1.08099997,145.0951385,14.4255743,99.94174957,99.91519928,99.90938568,49.99715805,49.99716568,49.99717331
39800,97.14015961,1.08099997,145.0840302,14.40414333,99.94224548,99.91571045,99.90992737,49.99695969,49.99708557,49.99704742
39900,97.13774872,1.08099997,145.0729065,14.38270473,99.94277954,99.91622162,99.9104538,49.99748611,49.99762726,49.99756241
40000,97.13552856,1.08099997,145.0615845,14.36134815,99.9433136,99.91674042,99.911026,49.9990654,49.9991684,49.99918365
40100,97.13278961,1.08099997,145.0502319,14.34015179,99.94386292,99.91722107,99.91153717,50.00104141,50.00106049,50.0010376
40200,97.1300354,1.08099997,145.0389252,14.3189888,99.94429016,99.91777039,99.91191101,50.00244522,50.00243759,50.00246811
40300,97.09705353,1.08099997,145.0252228,14.29679012,99.94476318,99.91836548,99.91217804,50.00304413,50.00312424,50.00300598
40400,97.02633667,1.08099997,144.9239349,14.23155975,99.96115875,99.93539429,99.92873383,50.00802231,50.00717545,50.00799942
40500,96.98397827,1.08099997,144.8137512,14.16100502,99.97988892,99.95415497,99.94764709,50.01966476,50.01811218,50.01960373
40600,96.94298553,1.08099997,144.7012024,14.08910942,99.99889374,99.97317505,99.96665192,50.02798462,50.02666855,50.02799606
40700,96.90280914,1.08099997,144.5872803,14.01612663,100.0177765,99.99198151,99.9855957,50.03053665,50.02935028,50.03055191
40800,96.86334991,1.08099997,144.4723053,13.94210911,100.0367737,100.0110245,100.0046692,50.02742386,50.02620697,50.02741241
40900,96.82373047,1.08099997,144.3556519,13.86731625,100.0558472,100.0299835,100.0236053,50.02140427,50.0200882,50.02143478
41000,96.78404999,1.08099997,144.2378387,13.79166126,100.0748367,100.0489731,100.0426331,50.01521683,50.01395798,50.01521683
41100,96.74538422,1.08099997,144.1188965,13.71501446,100.0938797,100.0678177,100.0615616,50.01025772,50.00907898,50.01028824
41200,96.70665741,1.08099997,143.9988708,13.63764668,100.1128235,100.0866623,100.080574,50.00733566,50.00621033,50.00736237
41300,96.6678772,1.08099997,143.8778076,13.55965042,100.131813,100.1057281,100.0994949,50.00540161,50.00445938,50.00541306
41400,96.62916565,1.08099997,143.756012,13.48100853,100.1507645,100.1245346,100.118515,50.00366592,50.00279999,50.00365829
41500,96.59001923,1.08099997,143.633728,13.40162849,100.1694946,100.1434097,100.1374359,50.00243378,50.00160217,50.00239563
41600,96.55063629,1.08099997,143.5103302,13.32168579,100.1883545,100.1621475,100.1562347,50.00163269,50.0009346,50.00168228
41700,96.51060486,1.08099997,143.3862305,13.24108601,100.2071991,100.1808624,100.1750259,50.00194931,50.00135803,50.00199127
41800,96.47128296,1.08099997,143.2612915,13.1599102,100.2259216,100.1996613,100.1939316,50.00360489,50.0031662,50.00366974
41900,96.43185425,1.08099997,143.1359406,13.07803059,100.2448196,100.2183762,100.2126465,50.00621033,50.00583649,50.00624847
42000,96.3914032,1.08099997,143.0097656,12.99569893,100.2634659,100.2370605,100.2314224,50.00839996,50.0080986,50.00838089
42100,96.35092163,1.08099997,142.8829498,12.91281509,100.2820358,100.2556305,100.2500687,50.00932693,50.00910187,50.00935745
42200,96.31027985,1.08099997,142.7557678,12.82942772,100.3006668,100.2742157,100.2686234,50.00875092,50.008564,50.00881577
42300,96.26958466,1.08099997,142.6279602,12.74545193,100.3192673,100.292778,100.2873154,50.00654602,50.00630188,50.00658798
42400,96.22834778,1.08099997,142.4998779,12.66099548,100.3377914,100.3112411,100.3057938,50.00323105,50.00297928,50.00323105
42500,96.1865387,1.08099997,142.3708496,12.5761137,100.3564453,100.3297348,100.324295,50.00004196,49.99982834,50.00007248
42600,96.1452179,1.08099997,142.2410431,12.49033165,100.3748322,100.348175,100.3428192,49.99807358,49.99784088,49.99798584
42700,96.10369873,1.08099997,142.1108856,12.4041853,100.3932114,100.3666534,100.3613815,49.99737549,49.9972229,49.99737549
42800,96.06229401,1.08099997,141.980423,12.3173914,100.4117508,100.3850098,100.3798523,49.99808121,49.99800873,49.99802399
42900,96.02006531,1.08099997,141.8490448,12.23020744,100.4302292,100.403511,100.3984604,50.00013733,50.00010681,50.0001564
43000,95.97807312,1.08099997,141.7170563,12.14244652,100.4486465,100.4218903,100.4167328,50.00258255,50.0026474,50.00255585
43100,95.9360199,1.08099997,141.5851135,12.05422211,100.4668579,100.4401703,100.4349976,50.00426865,50.00434494,50.00426865
43200,95.89285278,1.08099997,141.4528198,11.96563816,100.4852982,100.4584808,100.4534836,50.00484467,50.00482178,50.00482178
43300,95.85012817,1.08099997,141.3201294,11.87653732,100.5036697,100.4768524,100.4718399,50.00429916,50.0042572,50.00434494
43400,95.80690002,1.08099997,141.1868286,11.78703213,100.5219574,100.4950638,100.490036,50.00275803,50.00270462,50.00279999
43500,95.76365662,1.08099997,141.0529633,11.69702721,100.5400085,100.5131454,100.5082855,50.0007019,50.00057983,50.00074005
43600,95.72055054,1.08099997,140.918808,11.60638046,100.558403,100.5315094,100.5266647,49.99908066,49.99902725,49.9990921
43700,95.67721558,1.08099997,140.7843628,11.51527977,100.5766602,100.5496292,100.5449448,49.99824142,49.99816895,49.99819946
43800,95.63349915,1.08099997,140.649231,11.4238348,100.5947952,100.5677109,100.5630264,49.9981842,49.99817657,49.99819946
43900,95.58975983,1.08099997,140.5138855,11.33189678,100.612999,100.5858765,100.5811691,49.99892426,49.99902725,49.99893951
44000,95.54606628,1.08099997,140.3781433,11.2394886,100.6312103,100.6039276,100.5994186,50.00062561,50.00068665,50.00058365
44100,95.50221252,1.08099997,140.2418671,11.1465559,100.6493683,100.6222229,100.6176682,50.00241852,50.00251389,50.00237656
44200,95.45793915,1.08099997,140.1055756,11.05319881,100.6673431,100.6403198,100.6358414,50.00353622,50.00363541,50.00351715
44300,95.41349792,1.08099997,139.9688416,10.95944595,100.6855011,100.6582489,100.6539612,50.00387573,50.0038681,50.00383759
44400,95.36853027,1.08099997,139.8316345,10.8653717,100.703537,100.6763916,100.6718979,50.00339127,50.00333023,50.00328445
44500,95.32357788,1.08099997,139.6940002,10.770854,100.721489,100.6943436,100.6900406,50.00189972,50.00194168,50.00188446
44600,95.27864838,1.08099997,139.5563812,10.67571735,100.7396088,100.71241,100.7080765,50.00017929,50.00011826,50.00013733
44700,95.23376465,1.08099997,139.4184113,10.58017349,100.7577438,100.7304459,100.7262268,49.9986763,49.99864578,49.99868393
44800,95.18870544,1.08099997,139.2799988,10.4842968,100.7758408,100.7484055,100.7442474,49.9980011,49.99792862,49.99799347
44900,95.14318848,1.08099997,139.140976,10.38810158,100.7936096,100.7663727,100.7621918,49.99821472,49.99824905,49.99820709
45000,95.0976181,1.08099997,139.0019684,10.29133415,100.8117218,100.7844543,100.7801895,49.99938202,49.99947357,49.99936676
45100,95.05214691,1.08099997,138.8625183,10.19406319,100.829628,100.8021622,100.7981644,50.00130081,50.00139618,50.00131226
45200,95.00619507,1.08099997,138.7228699,10.0964489,100.8475876,100.820076,100.8160019,50.00288391,50.00301743,50.00289536
45300,94.96042633,1.08099997,138.5829163,9.99840641,100.8655548,100.838089,100.8341446,50.00382233,50.00388718,50.00379562
45400,94.91439819,1.08099997,138.4424133,9.900132179,100.8834,100.855896,100.851944,50.00390244,50.00393295,50.00389862
45500,94.86820221,1.08099997,138.3021851,9.801459312,100.9012451,100.8737564,100.869957,50.00318909,50.00320816,50.00319672
45600,94.82182312,1.08099997,138.1616364,9.702342987,100.919281,100.8916016,100.8877411,50.00160217,50.00148392,50.00154495
45700,94.7750473,1.08099997,138.0207825,9.602859497,100.9371262,100.9094467,100.9056702,49.9996376,49.99954987,49.99959183
45800,94.72817993,1.08099997,137.879715,9.50297451,100.9547501,100.9272461,100.9235229,49.99839783,49.99825668,49.99831772
45900,94.68165588,1.08099997,137.7381439,9.402545929,100.972641,100.9449463,100.9413834,49.99785995,49.9977951,49.99783325
46000,94.63419342,1.08099997,137.5960541,9.301994324,100.9905548,100.9629135,100.959137,49.99825668,49.99824905,49.99819183
46100,94.58603668,1.08099997,137.4544678,9.201185226,101.0081406,100.9803925,100.977005,49.99976349,49.99979782,49.9997673
46200,94.537117,1.08099997,137.3130646,9.100083351,101.025795,100.9980927,100.9944763,50.0022049,50.00227737,50.00221634
46300,94.48699951,1.08099997,137.1719666,8.998905182,101.0431519,101.0153885,101.0118866,50.00439453,50.0044899,50.00439835
46400,94.43562317,1.08099997,137.0307617,8.897415161,101.0605316,101.0325775,101.0291367,50.00590134,50.00590515,50.005867
46500,94.38425446,1.08099997,136.8897247,8.795742989,101.0776978,101.0500107,101.0465164,50.00647354,50.00645065,50.00645065
46600,94.33130646,1.08099997,136.748642,8.693934441,101.0947571,101.0669556,101.0635376,50.00583649,50.00592422,50.00590515
46700,2.787905455,1.08099997,126.0746689,5.657308102,101.9908295,99.19546509,101.9618149,26.91961288,27.23872375,26.9318943
46800,0.764661849,1.08099997,115.5222702,2.038230419,103.4167328,101.3861542,103.3888321,15.5526619,15.79475594,15.66650105
46900,0.404641926,1.08099997,109.682663,0,104.5458679,103.4517441,104.5155869,4.441086292,4.63530159,4.637065887
47000,0.294762284,1.08099997,107.8308945,0,104.5457458,104.2839432,104.518486,0,0,0
47100,0.223964125,1.08099997,109.2979889,0,104.4148331,104.4154434,104.3849564,0,0,0
47200,0.173427701,1.08099997,110.4845734,0,104.4203873,104.4365616,104.3973465,0,0,0
47300,0.134753227,1.08099997,111.671814,0,104.4345856,104.4517288,104.4064255,0,0,0
47400,0.104876779,1.08099997,112.7795868,0.561543941,104.4816284,104.5053329,104.4552917,0,0,0
47500,0.08165776,1.08099997,113.88237,1.404868484,104.5440903,104.5526962,104.5180054,0,0,0
47600,0.063626043,1.08099997,114.9335785,2.203915358,104.6234741,104.6241074,104.600296,0,0,0
47700,0.049599797,1.08099997,115.9578018,2.975571156,104.7004089,104.7297592,104.6762924,0,0,0
47800,0.038662225,1.08099997,117.0108795,3.762310743,104.7834244,104.7917709,104.7571869,0,0,0
47900,0.03014046,1.08099997,118.0231323,4.51097393,104.8682785,104.9072876,104.8429718,0,0,0
48000,0.023509672,1.08099997,119.0152054,5.235278606,104.9655533,104.9887161,104.9380341,0,0,0
48100,0.018331716,1.08099997,120.0160294,5.959766388,105.0554962,105.0853577,105.0308228,0,0,0
48200,0.014299253,1.08099997,120.993103,6.658213615,105.1421509,105.1935577,105.114151,0,0,0
48300,0.011151016,1.08099997,121.9844818,7.360343933,105.2370529,105.2675018,105.2086029,0,0,0
48400,0.008698964,1.08099997,122.9236679,8.017314911,105.3086624,105.3704605,105.2852478,0,0,0
48500,0.006785276,1.08099997,123.893486,8.68898201,105.3775787,105.4139862,105.3489838,0,0,0
48600,0.005292572,1.08099997,124.822197,9.325629234,105.4403992,105.5083313,105.4112778,0,0,0
48700,0.004128444,1.08099997,125.758606,9.960487366,105.506958,105.5542374,105.4781342,0,0,0
48800,0.003220123,1.08099997,126.6663742,10.56985092,105.5686722,105.6324158,105.5371857,0,0,0
48900,0.002511555,1.08099997,127.578125,11.17551899,105.6244736,105.6888962,105.5943451,0,0,0
49000,0.00195833,1.08099997,128.4981689,11.78141022,105.6764984,105.740036,105.6442413,0,0,0
49100,0.001527569,1.08099997,129.4169769,12.37940216,105.7371521,105.807785,105.7069321,0,0,0
49200,0.001191095,1.08099997,130.4510345,13.04816723,105.7862549,105.8459854,105.7520752,0,0,0
49300,0.000928765,1.08099997,131.437439,13.67868614,105.8324432,105.9147491,105.7988281,0,0,0
49400,0.000724258,1.08099997,132.4021759,14.28767395,105.8947678,105.9596329,105.8620834,0,0,0
49500,0.000564573,1.08099997,133.3796692,14.89848042,105.9486618,106.0288162,105.9085617,0,0,0
49600,0.00044018,1.08099997,134.3058014,15.47021484,106.0052414,106.0885925,105.9812317,0,0,0
49700,0.000343153,1.08099997,135.2409973,16.04138565,106.0658722,106.1368561,106.0292206,0,0,0
49800,0.000267526,1.08099997,136.1412659,16.58537483,106.1123734,106.2019196,106.0831909,0,0,0
49900,0.000208582,1.08099997,137.0252075,17.11356354,106.1596756,106.2440643,106.1444626,0,0,0
50000,0.0001626,1.08099997,137.9029694,17.63326454,106.2143173,106.294342,106.1798248,0,0,0
50100,0.000126785,1.08099997,138.7315521,18.11836815,106.2537231,106.345665,106.2410583,0,0,0
50200,9.88E-05,1.08099997,139.5678101,18.60339928,106.2991257,106.3824081,106.2816391,0,0,0
50300,7.71E-05,1.08099997,140.3687439,19.06310463,106.3451385,106.4294968,106.3216324,0,0,0
50400,6.01E-05,1.08099997,141.1396942,19.50051117,106.3790817,106.4717407,106.3750381,0,0,0
50500,4.69E-05,1.08099997,141.905365,19.93067741,106.4293289,106.5052719,106.4063873,0,0,0
50600,3.66E-05,1.08099997,142.6418915,20.34026337,106.4599533,106.5478821,106.4496307,0,0,0
50700,2.85E-05,1.08099997,143.34375,20.72653961,106.500351,106.5842056,106.4921646,0,0,0
50800,2.22E-05,1.08099997,144.0375671,21.10487938,106.5408249,106.6162109,106.5223236,0,0,0
50900,1.74E-05,1.08099997,144.7072296,21.46695328,106.5677261,106.6523056,106.5629272,0,0,0
51000,1.35E-05,1.08099997,145.3319244,21.80127716,106.6101913,106.6860886,106.598053,0,0,0
51100,1.06E-05,1.08099997,145.9570007,22.13332939,106.6394424,106.7161713,106.6286087,0,0,0
51200,8.26E-06,1.08099997,146.5484772,22.44501114,106.6701279,106.7469864,106.6650848,0,0,0
51300,6.45E-06,1.08099997,147.0997162,22.7326355,106.7067947,106.7795868,106.6967392,0,0,0
51400,5.04E-06,1.08099997,147.6508179,23.01843643,106.7318115,106.8072815,106.726387,0,0,0
51500,3.94E-06,1.08099997,148.1611786,23.28102303,106.7645111,106.8347092,106.7600937,0,0,0
51600,3.09E-06,1.08099997,148.6411133,23.52571487,106.7951431,106.8661118,106.7898636,0,0,0
51700,2.42E-06,1.08099997,149.1157074,23.7651825,106.8200607,106.8925629,106.8189163,0,0,0
51800,1.90E-06,1.08099997,149.5536957,23.98230362,106.8525543,106.9185715,106.8512192,0,0,0
51900,1.49E-06,1.08099997,149.9723511,24.18642044,106.8788376,106.9482117,106.8802567,0,0,0
52000,1.18E-06,1.08099997,150.3764343,24.38088417,106.9056168,106.9742889,106.9089508,0,0,0
52100,9.30E-07,1.08099997,150.745163,24.55502701,106.9367676,107.0000305,106.9409332,0,0,0
52200,7.37E-07,1.08099997,151.0979462,24.71928406,106.9618912,107.028595,106.9703903,0,0,0
52300,5.87E-07,1.08099997,151.4288177,24.87103462,106.9902802,107.0549011,106.9993744,0,0,0
52400,4.70E-07,1.08099997,151.7275848,25.00504494,107.0202789,107.0817108,107.0319519,0,0,0
52500,3.78E-07,1.08099997,152.0111389,25.13040924,107.0463028,107.1097107,107.0627899,0,0,0
52600,3.07E-07,1.08099997,152.2699738,25.2423954,107.0769882,107.1370621,107.0932388,0,0,0
52700,2.51E-07,1.08099997,152.500885,25.33961487,107.1068192,107.1655121,107.1272964,0,0,0
52800,2.08E-07,1.08099997,152.7158203,25.42822838,107.1351547,107.1947327,107.1605682,0,0,0
52900,1.74E-07,1.08099997,152.9064636,25.50404739,107.1682434,107.2241821,107.193718,0,0,0
53000,1.48E-07,1.08099997,153.0743256,25.56818008,107.1994553,107.2549438,107.2300339,0,0,0
53100,1.27E-07,1.08099997,153.2249603,25.62340164,107.2315903,107.2866058,107.2667465,0,0,0
53200,1.11E-07,1.08099997,153.3530426,25.66703987,107.2675934,107.319191,107.3038483,0,0,0
53300,9.83E-08,1.08099997,153.4643707,25.70195007,107.301712,107.3532486,107.3433838,0,0,0
53400,8.84E-08,1.08099997,153.5583954,25.72843933,107.3380737,107.3880768,107.383728,0,0,0
53500,8.08E-08,1.08099997,153.6320648,25.74461746,107.3774796,107.4253311,107.4252243,0,0,0
53600,7.47E-08,1.08099997,153.6912384,25.75341797,107.4162827,107.4644318,107.4686508,0,0,0
53700,7.01E-08,1.08099997,153.7359924,25.75500679,107.4577942,107.504425,107.5133057,0,0,0
53800,6.64E-08,1.08099997,153.7644196,25.74874687,107.5016937,107.5462494,107.5594559,0,0,0
53900,6.35E-08,1.08099997,153.783371,25.73796844,107.5452576,107.5894623,107.6065674,0,0,0
54000,6.13E-08,1.08099997,153.7928772,25.72241783,107.5923538,107.6357727,107.6552048,0,0,0
54100,5.95E-08,1.08099997,153.7919922,25.70183563,107.6354065,107.6951828,107.6991119,0,0,0
54200,5.81E-08,1.08099997,153.7865448,25.67891884,107.6891174,107.7312469,107.754303,0,0,0
54300,5.70E-08,1.08099997,153.7762299,25.65360641,107.7399979,107.7792435,107.804657,0,0,0
54400,5.62E-08,1.08099997,153.761795,25.62618446,107.79245,107.8280563,107.85569,0,0,0
54500,5.55E-08,1.08099997,153.7473297,25.59867859,107.8469391,107.8806763,107.9086075,0,0,0
54600,5.50E-08,1.08099997,153.7323914,25.57086754,107.8973541,107.9288101,107.9558945,0,0,0
54700,5.45E-08,1.08099997,153.7168121,25.54283905,107.9466476,107.9758606,108.0009613,0,0,0
54800,5.42E-08,1.08099997,153.7055511,25.51714325,107.9968567,108.0233078,108.0468445,0,0,0
54900,5.39E-08,1.08099997,153.7013092,25.49480057,108.0461502,108.0680695,108.0904694,0,0,0
55000,5.37E-08,1.08099997,153.7006836,25.47417641,108.0943222,108.1128922,108.1324844,0,0,0
55100,5.35E-08,1.08099997,153.7042694,25.45553207,108.1410751,108.1566925,108.1730118,0,0,0
55200,5.33E-08,1.08099997,153.7112885,25.43849564,108.1871414,108.1996002,108.2121887,0,0,0
55300,5.32E-08,1.08099997,153.7200317,25.42223167,108.2325134,108.2419739,108.2504883,0,0,0
55400,5.31E-08,1.08099997,153.7257385,25.40449524,108.277153,108.2838287,108.2908401,0,0,0
55500,5.30E-08,1.08099997,153.729248,25.38563156,108.3302383,108.3341599,108.3388214,0,0,0
55600,5.29E-08,1.08099997,153.731781,25.36642838,108.3748245,108.3758087,108.3771133,0,0,0
55700,5.28E-08,1.08099997,153.7345734,25.3474884,108.4191818,108.4175797,108.4150696,0,0,0
55800,5.28E-08,1.08099997,153.737915,25.32876587,108.4632034,108.4589615,108.4524765,0,0,0
55900,5.27E-08,1.08099997,153.7410736,25.30991364,108.5072403,108.5000153,108.4895401,0,0,0
56000,5.27E-08,1.08099997,153.7420502,25.28998184,108.5508728,108.5420609,108.5264893,0,0,0
56100,5.26E-08,1.08099997,153.7311249,25.26431656,108.5951233,108.5896378,108.5643768,0,0,0
56200,5.26E-08,1.08099997,153.7085876,25.23310471,108.6416016,108.6387405,108.6047516,0,0,0
56300,5.25E-08,1.08099997,153.6825104,25.20007896,108.6898422,108.6862564,108.6464157,0,0,0
56400,5.25E-08,1.08099997,153.6582794,25.16789436,108.7384186,108.731926,108.6890564,0,0,0
56500,5.24E-08,1.08099997,153.6380615,25.13758469,108.7866821,108.7757263,108.7317123,0,0,0
56600,5.24E-08,1.08099997,153.6197815,25.10814667,108.8344727,108.8187943,108.7746582,0,0,0
56700,5.24E-08,1.08099997,153.6016235,25.07905006,108.8822021,108.8618164,108.8183441,0,0,0
56800,5.23E-08,1.08099997,153.5827789,25.04966736,108.9297867,108.9048157,108.862236,0,0,0
56900,5.23E-08,1.08099997,153.5629578,25.0197506,108.9746857,108.9470749,108.9032288,0,0,0
57000,5.22E-08,1.08099997,153.5422821,24.98908997,109.0202713,108.9875717,108.9456711,0,0,0
57100,5.22E-08,1.08099997,153.5198059,24.95784378,109.0686951,109.0325851,108.9912643,0,0,0
57200,5.22E-08,1.08099997,153.4963379,24.92611313,109.1171494,109.078064,109.0370789,0,0,0
57300,5.21E-08,1.08099997,153.4724884,24.89414215,109.165596,109.1242676,109.0830307,0,0,0
57400,5.21E-08,1.08099997,153.448822,24.86219025,109.2138672,109.1704636,109.1290436,0,0,0
57500,5.21E-08,1.08099997,153.4256134,24.83042717,109.261795,109.2169037,109.1753006,0,0,0
57600,5.21E-08,1.08099997,153.4025574,24.79869652,109.3096161,109.2636337,109.2219238,0,0,0
57700,5.20E-08,1.08099997,153.3809509,24.76757431,109.3567276,109.3101883,109.2685699,0,0,0
57800,5.20E-08,1.08099997,153.360199,24.73683167,109.4034042,109.3570251,109.315155,0,0,0
57900,5.20E-08,1.08099997,153.3414612,24.70698547,109.4494934,109.4035645,109.3617172,0,0.143518671,0
58000,5.19E-08,1.08099997,153.3247223,24.67802811,109.494873,109.4498596,109.4082718,0,0.473907769,0.295381963
58100,5.19E-08,1.08099997,153.3107758,24.65029907,109.5395355,109.4958649,109.4544754,0,0.807610869,0.659712672
58200,5.19E-08,1.08099997,153.2993164,24.62372208,109.5834122,109.5416794,109.5002518,0,1.144446492,1.023845434
58300,5.18E-08,1.08099997,153.2905273,24.59832382,109.626564,109.5868835,109.5454941,0,1.483602047,1.387745023
58400,5.18E-08,1.08099997,153.2848206,24.57431412,109.6687317,109.6315536,109.5902786,0,1.825145483,1.751698017
58500,5.18E-08,1.08099997,153.2822723,24.55169868,109.7098923,109.6755829,109.6344452,0,2.168711901,2.115702152
58600,5.17E-08,1.08099997,153.2825012,24.53035736,109.7504349,109.7190018,109.6779556,0,2.522576094,2.479809284
58700,5.17E-08,1.08099997,153.2858429,24.51039314,109.7900391,109.76194,109.7205048,0,2.892503977,2.844275713
58800,5.17E-08,1.08099997,153.3054199,24.48698044,109.8292389,109.8041992,109.7628021,0,3.267677546,3.208883524
58900,5.16E-08,1.08099997,153.3341217,24.46163559,109.867569,109.8458633,109.804306,0,3.643428087,3.573802948
59000,5.16E-08,1.08099997,153.3660736,24.43541718,109.9053497,109.8869095,109.8452606,0,4.019855976,3.939100027
59100,5.16E-08,1.08099997,153.4010162,24.40825462,109.9424133,109.9269867,109.8853455,0,4.397002697,4.304773331
59200,5.15E-08,1.08099997,153.4382935,24.37971497,109.979187,109.9666824,109.9248505,0,4.774281502,4.670802116
59300,5.15E-08,1.08099997,153.4776459,24.3496933,110.0153961,110.0056381,109.9637604,0,5.151741505,5.037205219
59400,5.15E-08,1.08099997,153.5189362,24.31823349,110.0512543,110.0439529,110.002182,0,5.528860569,5.403973579
59500,5.14E-08,1.08099997,153.5595703,24.28403091,110.0876007,110.0816956,110.0398788,0,5.904917717,5.771009445
59600,5.14E-08,1.08099997,153.6004486,24.24762535,110.1236343,110.1191864,110.0775223,0,6.279684067,6.138346195
59700,5.13E-08,1.08099997,153.6422577,24.20930481,110.159111,110.1563797,110.1147079,0,6.654987335,6.505732059
59800,5.13E-08,1.08099997,153.6843262,24.16880798,110.194313,110.1932068,110.1516342,0,7.030199528,6.873316288
59900,5.13E-08,1.08099997,153.7271118,24.12636757,110.2292175,110.2296371,110.1881027,0,7.405405521,7.241103649
60000,5.12E-08,1.08099997,153.7698364,24.08168411,110.2638092,110.2655869,110.2242355,0,7.780527115,7.608899593
60100,5.12E-08,1.08099997,153.8127136,24.03480911,110.2980652,110.3012085,110.2598572,0,8.155243874,7.976857662
60200,5.11E-08,1.08099997,153.8552856,23.98560715,110.3323822,110.3366852,110.2954712,0,8.529579163,8.345043182
60300,5.11E-08,1.08099997,153.8973846,23.93406296,110.3662643,110.3718872,110.3306503,0,8.903967857,8.713219643
60400,5.11E-08,1.08099997,153.9390717,23.88013458,110.4001846,110.4065857,110.3655319,0,9.277677536,9.081433296
60500,5.10E-08,1.08099997,153.9796753,23.82358742,110.4339981,110.4413605,110.4003067,0,9.651099205,9.449640274
60600,5.10E-08,1.08099997,154.0196838,23.76467896,110.4675522,110.4756622,110.434845,0,10.02430725,9.817956924
60700,5.09E-08,1.08099997,154.0586548,23.70322418,110.5012283,110.5098953,110.469162,0,10.39720726,10.18622017
60800,5.09E-08,1.08099997,154.0969086,23.63933945,110.5349045,110.543869,110.5034332,0,10.76978779,10.55439472
60900,5.09E-08,1.08099997,154.1334534,23.57266998,110.568573,110.5779266,110.5374451,0,11.14195442,10.92243958
61000,5.08E-08,1.08099997,154.168869,23.50341606,110.6023636,110.6119003,110.5716324,0,11.5133667,11.29048729
61100,5.08E-08,1.08099997,154.2032776,23.4317131,110.6360931,110.6457443,110.6056595,0,11.88455582,11.65835381
61200,5.08E-08,1.08099997,154.2361755,23.35731888,110.6693954,110.6794968,110.6395111,0,12.25597,12.02610016
61300,5.07E-08,1.08099997,154.2681885,23.28054428,110.7028961,110.7132339,110.6733475,0,12.62717819,12.39366913
61400,5.07E-08,1.08099997,154.2999878,23.20171547,110.7363739,110.746933,110.7071152,0,12.99825191,12.76115608
61500,5.06E-08,1.08099997,154.3303833,23.12032509,110.7696686,110.7804413,110.7407913,0,13.36904049,13.12848186
61600,5.06E-08,1.08099997,154.3602448,23.03676224,110.8030701,110.813797,110.774437,0,13.73962593,13.49565792
61700,5.06E-08,1.08099997,154.3889771,22.95081329,110.8364944,110.8472366,110.8080139,0,14.10976219,13.86264706
61800,5.05E-08,1.08099997,154.4170837,22.86268044,110.8700027,110.8806,110.8415756,0,14.47966671,14.22944355
61900,5.05E-08,1.08099997,154.443924,22.77213097,110.9034195,110.9140625,110.8750076,0,14.84927368,14.59604836
62000,5.05E-08,1.08099997,154.4698944,22.67934608,110.9369965,110.9475021,110.9085922,0,15.21859455,14.96245289
62100,5.04E-08,1.08099997,154.4947662,22.58419991,110.970459,110.9808655,110.9421158,0,15.58750916,15.32867432
62200,5.04E-08,1.08099997,154.5188293,22.4868927,111.0040283,111.0141983,110.9757309,0,15.95609188,15.69460964
62300,5.04E-08,1.08099997,154.5422363,22.38747025,111.0376511,111.0476379,111.0092545,0,16.32460976,16.06031418
62400,5.03E-08,1.08099997,154.5647888,22.285923,111.0712738,111.0810852,111.0427856,0,16.69290733,16.42580223
62500,5.03E-08,1.08099997,154.5866241,22.18225479,111.10495,111.1144104,111.0764008,0,17.06105804,16.79103661
62600,5.03E-08,1.08099997,154.607666,22.07649612,111.1386871,111.1479263,111.1099625,0,17.42903709,17.15600777
62700,5.02E-08,1.08099997,154.6282959,21.96882629,111.1722488,111.1813049,111.1435623,0,17.79671478,17.52071381
62800,5.02E-08,1.08099997,154.6482697,21.85911369,111.2059937,111.2148743,111.1771927,0,18.16420174,17.88519859
62900,5.02E-08,1.08099997,154.6681519,21.74770164,111.2397919,111.2484436,111.2108841,0,18.53121948,18.24946022
63000,5.01E-08,1.08099997,154.6872406,21.63422585,111.2735977,111.2818832,111.2445831,0,18.89827728,18.61343193
63100,5.01E-08,1.08099997,154.7057495,21.51879501,111.3071899,111.3153687,111.2781143,0,19.26506233,18.97718239
63200,5.01E-08,1.08099997,154.7240143,21.40163612,111.3409195,111.3489609,111.3117828,0,19.63165092,19.34066772
63300,5.00E-08,1.08099997,154.7416992,21.28255844,111.3746796,111.3824234,111.3456497,0.062988289,19.99811554,19.70387077
63400,5.00E-08,1.08099997,154.7589417,21.16165924,111.4085541,111.4159241,111.3792038,0.31460765,20.36424828,20.06689072
63500,5.00E-08,1.08099997,154.776062,21.03909683,111.4422684,111.4495621,111.4128571,0.56609863,20.73018456,20.4296608
63600,5.00E-08,1.08099997,154.7925568,20.91467094,111.4761963,111.4832306,111.4465942,0.817408144,21.09578514,20.79214096
63700,4.99E-08,1.08099997,154.8087769,20.78851318,111.5099792,111.5167999,111.4804611,1.06854701,21.46123314,21.15439606
63800,4.99E-08,1.08099997,154.824707,20.6606636,111.5437469,111.5503464,111.5141754,1.319493294,21.82653046,21.51642227
63900,4.99E-08,1.08099997,154.8403778,20.5311203,111.5776062,111.5838776,111.5478363,1.570268869,22.19175148,21.87818336
64000,4.98E-08,1.08099997,154.8557892,20.3999691,111.611496,111.6175537,111.5815506,1.820866823,22.55667496,22.23969078
64100,4.98E-08,1.08099997,154.8711548,20.26725578,111.6452103,111.6510849,111.6152802,2.071362019,22.9212532,22.60095406
64200,4.98E-08,1.08099997,154.8861237,20.13285637,111.6791229,111.6846771,111.649147,2.32168293,23.28566551,22.96200371
64300,4.98E-08,1.08099997,154.9010162,19.99688721,111.712822,111.7182999,111.6826172,2.571862459,23.65013313,23.32281876
64400,4.97E-08,1.08099997,154.9154358,19.85925674,111.7466888,111.7518768,111.7165833,2.821858883,24.01433945,23.68339157
64500,4.97E-08,1.08099997,154.9295959,19.72000313,111.7804184,111.7854385,111.7502899,3.07174325,24.3783741,24.04372978
64600,4.97E-08,1.08099997,154.9435272,19.57919693,111.8141861,111.8190308,111.7839661,3.321466208,24.74199867,24.40386581
64700,4.96E-08,1.08099997,154.9567719,19.43702126,111.8479767,111.852562,111.8178253,3.570981979,25.10532188,24.76372719
64800,4.96E-08,1.08099997,154.9697418,19.29332924,111.8819122,111.8861771,111.8513565,3.820342302,25.46863556,25.12334824
64900,4.96E-08,1.08099997,154.9833679,19.14791298,111.9157333,111.9197693,111.8850861,4.069590092,25.83194351,25.48278809
65000,4.96E-08,1.08099997,154.9979248,19.00074196,111.9495621,111.953186,111.9189148,4.318621635,26.19498062,25.84200287
65100,4.95E-08,1.08099997,155.0133209,18.8516922,111.9831772,111.9868164,111.9525757,4.567589283,26.5580616,26.20101357
65200,4.95E-08,1.08099997,155.0293579,18.70065498,112.0170441,112.0203171,111.9862671,4.816404343,26.92073631,26.55979156
65300,4.95E-08,1.08099997,155.0462189,18.54769135,112.0507126,112.053894,112.019989,5.065085888,27.28318596,26.91839981
65400,4.95E-08,1.08099997,155.0446472,18.39752197,112.084259,112.0866776,112.0534286,5.313596725,27.6422081,27.27679062
65500,4.94E-08,1.08099997,154.8749847,18.29621887,112.1163864,112.120697,112.0853271,5.561913013,27.98392868,27.6348896
65600,4.94E-08,1.08099997,154.7026367,18.20419884,112.1499176,112.1547546,112.118927,5.809556007,28.34542084,27.99219513
65700,4.94E-08,1.08099997,154.5396271,18.11808968,112.1845245,112.1894989,112.1534119,6.056458473,28.70309067,28.34865379
65800,4.94E-08,1.08099997,154.3854218,18.03735733,112.2194977,112.2246628,112.188324,6.302707672,29.0599308,28.70436096
65900,4.94E-08,1.08099997,154.2399902,17.96176147,112.2553024,112.2606506,112.2238846,6.548254967,29.41647148,29.0592823
66000,4.93E-08,1.08099997,154.1027985,17.89092064,112.2915497,112.2970734,112.2602234,6.793176174,29.7729187,29.413414
66100,4.93E-08,1.08099997,153.9733887,17.82445717,112.3281937,112.3339691,112.2968063,7.03746748,30.12942314,29.76683044
66200,4.93E-08,1.08099997,153.8513641,17.76207161,112.365509,112.3711243,112.3338318,7.281154633,30.48571587,30.11950874
66300,4.93E-08,1.08099997,153.7362976,17.70346451,112.4029541,112.4086227,112.3712921,7.52428484,30.84160995,30.4715519
66400,4.93E-08,1.08099997,153.6278839,17.64840889,112.440834,112.4466171,112.4090424,7.766862392,31.19737244,30.82288742
66500,4.92E-08,1.08099997,153.5253906,17.59651375,112.4788437,112.4849777,112.4470978,8.008928299,31.55289841,31.17360115
66600,4.92E-08,1.08099997,153.4286041,17.54763222,112.5173721,112.5233994,112.485527,8.250517845,31.90813446,31.52368164
66700,4.92E-08,1.08099997,153.337326,17.50160217,112.5561981,112.5620499,112.5241547,8.491678238,32.26308823,31.87318993
66800,4.92E-08,1.08099997,153.2511292,17.45822525,112.595192,112.6011505,112.5630341,8.732419968,32.61782074,32.22217178
66900,4.92E-08,1.08099997,153.1695709,17.41721535,112.6343994,112.6401901,112.6021957,8.972718239,32.97200775,32.57056046
67000,4.91E-08,1.08099997,153.0923157,17.37841415,112.6737823,112.6795883,112.6412735,9.212649345,33.32588959,32.91846085
67100,4.91E-08,1.08099997,153.0192566,17.34175873,112.7132263,112.7192764,112.6808624,9.45217514,33.67956543,33.26586151
67200,4.91E-08,1.08099997,152.9502411,17.30714989,112.7531052,112.7589569,112.7203674,9.691419601,34.03315735,33.61276627
67300,4.91E-08,1.08099997,152.8848267,17.27435684,112.7929459,112.7988434,112.7602844,9.930281639,34.38658142,33.95927048
67400,4.91E-08,1.08099997,152.8226929,17.24322319,112.832962,112.8388138,112.8002014,10.16883945,34.73978806,34.30526352
67500,4.91E-08,1.08099997,152.7637939,17.21371841,112.8731842,112.8790283,112.8402557,10.40705585,35.09263992,34.65082169
67600,4.90E-08,1.08099997,152.7078552,17.18572044,112.913475,112.9192963,112.8804703,10.64498043,35.4450264,34.99596786
67700,4.90E-08,1.08099997,152.6548004,17.15912437,112.9539261,112.9596481,112.920784,10.88264179,35.79743958,35.34188461
67800,4.90E-08,1.08099997,152.6041107,17.13374901,112.994278,112.9999008,112.9611053,11.12001228,36.14945602,35.68863297
67900,4.90E-08,1.08099997,152.5560913,17.10969734,113.0347824,113.0405884,113.0015488,11.35711479,36.50148392,36.03503418
68000,4.90E-08,1.08099997,152.5104675,17.08685303,113.0755081,113.0811005,113.0421524,11.59395027,36.85327148,36.38106155
68100,4.90E-08,1.08099997,152.4670563,17.06511307,113.1162415,113.1218796,113.0828705,11.83054543,37.2048912,36.72680283
68200,4.90E-08,1.08099997,152.425827,17.04443741,113.1569977,113.1626968,113.1235352,12.06690788,37.55620193,37.0722084
68300,4.89E-08,1.08099997,152.3864136,17.02465248,113.1978607,113.2033463,113.1643677,12.30303478,37.90706253,37.41725922
68400,4.89E-08,1.08099997,152.3486176,17.00575066,113.2388,113.2443161,113.2050858,12.53894138,38.25799561,37.76200104
68500,4.89E-08,1.08099997,152.3124237,16.98766327,113.2797928,113.2850266,113.245842,12.77460194,38.60866165,38.10640717
68600,4.89E-08,1.08099997,152.2779236,16.97039032,113.3207703,113.325943,113.2868042,13.01006699,38.95909119,38.45051193
68700,4.89E-08,1.08099997,152.2448883,16.95384216,113.3618469,113.3669128,113.3275986,13.24529076,39.30954361,38.79437256
68800,4.89E-08,1.08099997,152.2133636,16.93804359,113.4027634,113.4079666,113.3687134,13.48031139,39.6595459,39.13792038
68900,4.89E-08,1.08099997,152.1830902,16.92288971,113.443924,113.4488602,113.4096832,13.71513939,40.00938416,39.48129272
69000,4.88E-08,1.08099997,152.1540985,16.90835571,113.4850388,113.4899826,113.4506073,13.94976807,40.35882187,39.82437897
69100,4.88E-08,1.08099997,152.126358,16.89444351,113.5261917,113.5310211,113.4917755,14.18419647,40.70851135,40.16720581
69200,4.88E-08,1.08099997,152.0997467,16.8810997,113.5674133,113.5721436,113.5328445,14.41846657,41.05773544,40.50972366
69300,4.88E-08,1.08099997,152.0741425,16.86825752,113.6084671,113.6129837,113.5736465,14.65257454,41.4069252,40.85190201
69400,4.88E-08,1.08099997,152.0494385,16.85585213,113.6496429,113.6540985,113.6149521,14.88655472,41.7556839,41.19382858
69500,4.88E-08,1.08099997,152.0260468,16.84410477,113.6907425,113.6953354,113.6559143,15.12031841,42.1045723,41.53554916
69600,4.88E-08,1.08099997,152.003418,16.83275223,113.7318726,113.7363052,113.6970062,15.35391617,42.45332336,41.87699127
69700,4.87E-08,1.08099997,151.9816437,16.82180786,113.7730713,113.7772446,113.7379913,15.5873251,42.80192184,42.21819305
69800,4.87E-08,1.08099997,151.9607544,16.81131744,113.8141632,113.8182526,113.7789383,15.82054234,43.15041351,42.55920792
69900,4.87E-08,1.08099997,151.940506,16.80114365,113.8552551,113.8593521,113.8198853,16.05359077,43.49837875,42.9000206
70000,4.87E-08,1.08099997,151.9210205,16.79134369,113.8963547,113.9003906,113.8609085,16.28655434,43.84630203,43.24056625
70100,4.87E-08,1.08099997,151.9022369,16.78190613,113.9373932,113.9412537,113.9019623,16.51929092,44.19424057,43.58093262
70200,4.87E-08,1.08099997,151.884201,16.77283478,113.978447,113.9822693,113.9429321,16.75191307,44.5419693,43.92105484
70300,4.87E-08,1.08099997,151.8666992,16.76403427,114.0193787,114.0231628,113.9838257,16.9843502,44.889431,44.26098633
70400,4.87E-08,1.08099997,151.8497925,16.75552368,114.0605011,114.0640945,114.0248184,17.21663857,45.23660278,44.60070801
70500,4.87E-08,1.08099997,151.833313,16.74722862,114.101387,114.1049652,114.065567,17.4487915,45.58378983,44.94015121
70600,4.86E-08,1.08099997,151.8174133,16.73923302,114.1424637,114.145874,114.1065216,17.68083191,45.93073273,45.2794075
70700,4.86E-08,1.08099997,151.8021545,16.73155022,114.1833572,114.1866684,114.1473389,17.91269875,46.27763748,45.61847687
70800,4.86E-08,1.08099997,151.7873535,16.72409821,114.2242661,114.2274628,114.1881332,18.14452171,46.62457275,45.95730972
70900,4.86E-08,1.08099997,151.7730713,16.71690369,114.2650757,114.2682419,114.2289047,18.37612915,46.97105026,46.29596329
71000,4.86E-08,1.08099997,151.7588501,16.70976639,114.3058624,114.3088837,114.2696533,18.60770798,47.31748199,46.63441849
71100,4.86E-08,1.08099997,151.7452698,16.7029171,114.3466797,114.3496017,114.3103104,18.8390789,47.6637764,46.97268677
71200,4.86E-08,1.08099997,151.7321167,16.69629288,114.3874512,114.3902283,114.3510208,19.07030869,48.01008987,47.31080627
71300,4.86E-08,1.08099997,151.7192841,16.68982697,114.428154,114.4308777,114.3915863,19.30151558,48.35617828,47.64869308
71400,4.86E-08,1.08099997,151.7068634,16.68358231,114.4688568,114.4714508,114.4322128,19.53256798,48.70207596,47.9863739
71500,4.85E-08,1.08099997,151.6949005,16.67753601,114.5093918,114.5119171,114.4726868,19.76344681,49.04789352,48.32391357
71600,4.85E-08,1.08099997,151.6832733,16.67166519,114.5500031,114.5524139,114.5132294,19.99420166,49.39358521,48.66133881
71700,4.85E-08,1.08099997,151.6717072,16.66585732,114.5904541,114.592804,114.5535965,20.22485161,49.73928452,48.99850845
71800,4.85E-08,1.08099997,151.6605225,16.66017914,114.630928,114.6332474,114.5940552,20.45541191,50.08460999,49.33549881
71900,4.85E-08,1.08099997,151.6496124,16.65469551,114.6714706,114.6735458,114.6344299,20.685812,50.4298439,49.67236328
72000,4.85E-08,1.08099997,151.6389923,16.6493454,114.7118225,114.7138824,114.6747589,20.91611862,50.77485275,50.00905228
72100,4.85E-08,1.08099997,151.6286163,16.64410973,114.7521286,114.7541199,114.7149429,21.14634132,51.11985779,50.34560013
72200,4.85E-08,1.08099997,151.6184692,16.63899422,114.7923737,114.7942276,114.7551193,21.37640381,51.46492767,50.68196487
72300,4.85E-08,1.08099997,151.6087952,16.63411331,114.8326645,114.8342743,114.7952652,21.60644531,51.81000137,51.01818466
72400,4.85E-08,1.08099997,151.5991211,16.62922478,114.8728333,114.8744736,114.8353195,21.83633232,52.15488052,51.35420609
72500,4.85E-08,1.08099997,151.5898132,16.62453651,114.9129486,114.9146118,114.8754959,22.06608582,52.49940872,51.69011307
72600,4.84E-08,1.08099997,151.5806885,16.6199398,114.9530182,114.9545288,114.9153976,22.29577065,52.84382248,52.02585602
72700,4.84E-08,1.08099997,151.5717773,16.61544228,114.9929886,114.9943848,114.955307,22.52532005,53.18828201,52.36139297
72800,4.84E-08,1.08099997,151.5630035,16.61100769,115.0328369,115.0340881,114.9952393,22.75481033,53.532444,52.69683456
72900,4.84E-08,1.08099997,151.5544891,16.60670662,115.0728912,115.074028,115.0349731,22.98417282,53.8768692,53.03208923
73000,4.84E-08,1.08099997,151.5462036,16.60253143,115.1127472,115.1137238,115.0747986,23.21343231,54.22090912,53.36722183
73100,4.84E-08,1.08099997,151.5379486,16.59835625,115.1524429,115.1534576,115.1145935,23.44258499,54.56483841,53.70219421
73200,4.84E-08,1.08099997,151.5299683,16.59431648,115.1921234,115.1930466,115.1541824,23.67165756,54.90884781,54.0370636
73300,4.84E-08,1.08099997,151.5222626,16.59044456,115.2318802,115.2325287,115.1937256,23.90071106,55.25269318,54.37181091
73400,4.84E-08,1.08099997,151.5146179,16.58657837,115.2713928,115.2719955,115.2331238,24.12960434,55.59669113,54.70634842
